Week,Inven,Prev_Inven_1,Prev_Inven_2,Prev_Inven_3,Prev_Inven_4,Prev_Inven_5,Prev_Inven_6,Prev_Inven_7,Prev_Inven_8,Sale,Var_Sale_1,Var_Sale_2,Var_Sale_3,Var_Sale_4,Var_Sale_5,Var_Sale_6,Var_Sale_7,Var_Sale_8,Var_Sale_9,Var_Sale_10,Var_Sale_11,Var_Sale_12,Post_Sale_1,Post_Sale_2,Post_Sale_3,Post_Sale_4,Post_Sale_5,Post_Sale_6,Post_Sale_7,Post_Sale_8,Post_Sale_9,Post_Sale_10,Post_Sale_11,Post_Sale_12,Prev_Sale_1,Prev_Sale_2,Prev_Sale_3,Prev_Sale_4,Prev_Sale_5,Prev_Sale_6,Prev_Sale_7,Prev_Sale_8,Prev_Sale_9,Prev_Sale_10,Prev_Sale_11,Prev_Sale_12,Product,Var_Product_1,Var_Product_2,Var_Product_3,Var_Product_4,Var_Product_5,Var_Product_6,Var_Product_7,Var_Product_8,Var_Product_9,Var_Product_10,Var_Product_11,Var_Product_12,Post_Product_1,Post_Product_2,Post_Product_3,Post_Product_4,Post_Product_5,Post_Product_6,Post_Product_7,Post_Product_8,Post_Product_9,Post_Product_10,Post_Product_11,Post_Product_12,Prev_Product_1,Prev_Product_2,Prev_Product_3,Prev_Product_4,Prev_Product_5,Prev_Product_6,Prev_Product_7,Prev_Product_8,Prev_Product_9,Prev_Product_10,Prev_Product_11,Prev_Product_12
201903,233162.0,-999.0,-999.0,-999.0,-999.0,-999.0,-999.0,-999.0,-999.0,8160.0,38400.0,38400.0,38400.0,38400.0,38400.0,38400.0,38400.0,38400.0,57600.0,57600.0,57600.0,0.0,22080.0,60480.0,60480.0,60480.0,60480.0,60480.0,60480.0,0.0,60480.0,60480.0,60480.0,60480.0,38400.0,30240.0,0.0,0.0,31752.0,0.0,0.0,0.0,22762.0,0.0,0.0,26838.0,288503.0,-999.0,-999.0,-999.0,-999.0,-999.0,-999.0,-999.0,-999.0,-999.0,-999.0,-999.0,-999.0,-999.0,104100.0,138800.0,-999.0,-999.0,-999.0,225550.0,52050.0,-999.0,-999.0,121450.0,242900.0,283956.0,116846.0,-999.0,-999.0,-999.0,-999.0,-999.0,-999.0,-999.0,-999.0,-999.0,-999.0
201904,385830.0,233162.0,-999.0,-999.0,-999.0,-999.0,-999.0,-999.0,-999.0,0.0,22080.0,57600.0,57600.0,57600.0,57600.0,57600.0,57600.0,57600.0,57600.0,57600.0,57600.0,57600.0,30240.0,60480.0,60480.0,60480.0,60480.0,60480.0,60480.0,0.0,60480.0,60480.0,60480.0,60480.0,8160.0,38400.0,30240.0,0.0,0.0,31752.0,0.0,0.0,0.0,22762.0,0.0,0.0,209168.0,-999.0,-999.0,-999.0,-999.0,-999.0,-999.0,-999.0,-999.0,-999.0,-999.0,-999.0,-999.0,-999.0,138800.0,-999.0,-999.0,-999.0,34700.0,242900.0,-999.0,-999.0,121450.0,242900.0,17350.0,288503.0,283956.0,116846.0,-999.0,-999.0,-999.0,-999.0,-999.0,-999.0,-999.0,-999.0,-999.0
201905,372684.0,385830.0,233162.0,-999.0,-999.0,-999.0,-999.0,-999.0,-999.0,30240.0,30240.0,60480.0,57600.0,57600.0,57600.0,57600.0,57600.0,57600.0,57600.0,57600.0,57600.0,57600.0,60480.0,60480.0,60480.0,60480.0,0.0,0.0,0.0,60480.0,60480.0,60480.0,60480.0,90720.0,0.0,8160.0,38400.0,30240.0,0.0,0.0,31752.0,0.0,0.0,0.0,22762.0,0.0,237050.0,-999.0,104100.0,104100.0,104100.0,104100.0,104100.0,104100.0,104100.0,104100.0,-999.0,-999.0,-999.0,-999.0,-999.0,-999.0,34700.0,208200.0,-999.0,34700.0,-999.0,208200.0,242900.0,173500.0,-999.0,209168.0,288503.0,283956.0,116846.0,-999.0,-999.0,-999.0,-999.0,-999.0,-999.0,-999.0,-999.0
201906,404244.0,372684.0,385830.0,233162.0,-999.0,-999.0,-999.0,-999.0,-999.0,60480.0,60480.0,60480.0,60480.0,57600.0,57600.0,57600.0,57600.0,57600.0,57600.0,57600.0,57600.0,57600.0,60480.0,60480.0,60480.0,0.0,0.0,0.0,60480.0,60480.0,60480.0,60480.0,90720.0,90720.0,30240.0,0.0,8160.0,38400.0,30240.0,0.0,0.0,31752.0,0.0,0.0,0.0,22762.0,312530.0,-999.0,138800.0,138800.0,138800.0,138800.0,138800.0,138800.0,138800.0,138800.0,138800.0,-999.0,-999.0,-999.0,-999.0,34700.0,208200.0,-999.0,34700.0,-999.0,-999.0,-999.0,-999.0,-999.0,167593.06402186048,237050.0,209168.0,288503.0,283956.0,116846.0,-999.0,-999.0,-999.0,-999.0,-999.0,-999.0,-999.0
201907,206642.0,404244.0,372684.0,385830.0,233162.0,-999.0,-999.0,-999.0,-999.0,59229.0,60480.0,60480.0,60480.0,60480.0,57600.0,57600.0,57600.0,57600.0,57600.0,57600.0,57600.0,57600.0,60480.0,60480.0,0.0,0.0,0.0,60480.0,60480.0,60480.0,60480.0,90720.0,90720.0,90720.0,60480.0,30240.0,0.0,8160.0,38400.0,30240.0,0.0,0.0,31752.0,0.0,0.0,0.0,158314.0,-999.0,-999.0,-999.0,-999.0,-999.0,-999.0,-999.0,-999.0,-999.0,-999.0,-999.0,-999.0,-999.0,34700.0,208200.0,-999.0,34700.0,-999.0,156150.0,242900.0,173500.0,-999.0,-999.0,17350.0,312530.0,237050.0,209168.0,288503.0,283956.0,116846.0,-999.0,-999.0,-999.0,-999.0,-999.0,-999.0
201908,161548.0,206642.0,404244.0,372684.0,385830.0,233162.0,-999.0,-999.0,-999.0,0.0,60480.0,60480.0,60480.0,60480.0,60480.0,57600.0,57600.0,57600.0,57600.0,57600.0,57600.0,57600.0,9240.0,30240.0,10240.0,0.0,60480.0,60480.0,60480.0,49480.0,90720.0,90720.0,90720.0,98880.0,59229.0,60480.0,30240.0,0.0,8160.0,38400.0,30240.0,0.0,0.0,31752.0,0.0,0.0,272186.0,-999.0,-999.0,-999.0,-999.0,-999.0,-999.0,-999.0,-999.0,-999.0,-999.0,-999.0,-999.0,34700.0,208200.0,-999.0,34700.0,-999.0,208200.0,242900.0,173500.0,-999.0,-999.0,17350.0,225550.0,158314.0,312530.0,237050.0,209168.0,288503.0,283956.0,116846.0,-999.0,-999.0,-999.0,-999.0,-999.0
201909,190140.0,161548.0,206642.0,404244.0,372684.0,385830.0,233162.0,-999.0,-999.0,0.0,9240.0,60480.0,60480.0,60480.0,60480.0,60480.0,57600.0,57600.0,57600.0,57600.0,57600.0,57600.0,30240.0,30240.0,0.0,60480.0,60480.0,60480.0,60480.0,90720.0,90720.0,90720.0,98880.0,120960.0,0.0,59229.0,60480.0,30240.0,0.0,8160.0,38400.0,30240.0,0.0,0.0,31752.0,0.0,350956.0,34700.0,34700.0,34700.0,34700.0,-999.0,-999.0,-999.0,-999.0,-999.0,-999.0,-999.0,-999.0,208200.0,-999.0,34700.0,-999.0,208200.0,-999.0,173500.0,173500.0,69400.0,17350.0,225550.0,242900.0,272186.0,158314.0,312530.0,237050.0,209168.0,288503.0,283956.0,116846.0,-999.0,-999.0,-999.0,-999.0
201910,213284.0,190140.0,161548.0,206642.0,404244.0,372684.0,385830.0,233162.0,-999.0,4536.0,30240.0,30240.0,0.0,0.0,0.0,60480.0,60480.0,57600.0,57600.0,57600.0,57600.0,57600.0,30240.0,0.0,60480.0,60480.0,60480.0,60480.0,90720.0,90720.0,90720.0,98880.0,120960.0,120960.0,0.0,0.0,59229.0,60480.0,30240.0,0.0,8160.0,38400.0,30240.0,0.0,0.0,31752.0,428391.0,208200.0,208200.0,208200.0,208200.0,208200.0,34700.0,225550.0,225550.0,100555.83871853208,-999.0,225550.0,225550.0,-999.0,34700.0,-999.0,208200.0,-999.0,173500.0,173500.0,242900.0,-999.0,242900.0,242900.0,-999.0,350956.0,272186.0,158314.0,312530.0,237050.0,209168.0,288503.0,283956.0,116846.0,-999.0,-999.0,-999.0
201911,139068.0,213284.0,190140.0,161548.0,206642.0,404244.0,372684.0,385830.0,233162.0,0.0,30240.0,30240.0,10240.0,0.0,0.0,0.0,60480.0,0.0,57600.0,57600.0,57600.0,57600.0,0.0,60480.0,60480.0,60480.0,60480.0,90720.0,90720.0,90720.0,98880.0,120960.0,120960.0,120960.0,4536.0,0.0,0.0,59229.0,60480.0,30240.0,0.0,8160.0,38400.0,30240.0,0.0,0.0,415634.0,-999.0,-999.0,-999.0,-999.0,-999.0,-999.0,242900.0,52050.0,52050.0,128511.5694447335,-999.0,52050.0,-999.0,-999.0,138800.0,-999.0,104100.0,173500.0,242900.0,-999.0,242900.0,69400.0,-999.0,242900.0,428391.0,350956.0,272186.0,158314.0,312530.0,237050.0,209168.0,288503.0,283956.0,116846.0,-999.0,-999.0
201912,309866.0,139068.0,213284.0,190140.0,161548.0,206642.0,404244.0,372684.0,385830.0,0.0,0.0,0.0,0.0,0.0,0.0,0.0,0.0,0.0,60480.0,57600.0,57600.0,57600.0,45360.0,60480.0,75600.0,75600.0,60480.0,75600.0,75600.0,75600.0,75600.0,75600.0,75600.0,75600.0,0.0,4536.0,0.0,0.0,59229.0,60480.0,30240.0,0.0,8160.0,38400.0,30240.0,0.0,402209.0,-999.0,34700.0,34700.0,34700.0,34700.0,34700.0,34700.0,-999.0,-999.0,-999.0,-999.0,-999.0,-999.0,69400.0,104100.0,104100.0,173500.0,173500.0,-999.0,242900.0,69400.0,-999.0,242900.0,225550.0,415634.0,428391.0,350956.0,272186.0,158314.0,312530.0,237050.0,209168.0,288503.0,283956.0,116846.0,-999.0
201913,337649.0,309866.0,139068.0,213284.0,190140.0,161548.0,206642.0,404244.0,372684.0,15876.0,45360.0,60480.0,60480.0,60480.0,60480.0,60480.0,60480.0,60480.0,60480.0,60480.0,57600.0,57600.0,60480.0,75600.0,75600.0,60480.0,75600.0,105840.0,90720.0,105840.0,90720.0,90720.0,90720.0,90720.0,0.0,0.0,4536.0,0.0,0.0,59229.0,60480.0,30240.0,0.0,8160.0,38400.0,30240.0,377083.0,-999.0,-999.0,-999.0,-999.0,-999.0,-999.0,-999.0,-999.0,-999.0,-999.0,-999.0,-999.0,69400.0,104100.0,104100.0,168500.0,173500.0,-999.0,-999.0,69400.0,-999.0,242900.0,225550.0,52050.0,402209.0,415634.0,428391.0,350956.0,272186.0,158314.0,312530.0,237050.0,209168.0,288503.0,283956.0,116846.0
201914,351111.0,337649.0,309866.0,139068.0,213284.0,190140.0,161548.0,206642.0,404244.0,49896.0,60480.0,60480.0,60480.0,60480.0,60480.0,60480.0,60480.0,60480.0,60480.0,60480.0,60480.0,57600.0,75600.0,75600.0,60480.0,75600.0,105840.0,90720.0,105840.0,90720.0,90720.0,90720.0,90720.0,90720.0,15876.0,0.0,0.0,4536.0,0.0,0.0,59229.0,60480.0,30240.0,0.0,8160.0,38400.0,337346.0,69400.0,69400.0,138800.0,208200.0,208200.0,208200.0,156150.0,-999.0,208200.0,121450.0,121450.0,121450.0,104100.0,104100.0,173500.0,173500.0,-999.0,237900.0,69400.0,-999.0,242900.0,225550.0,52050.0,-999.0,377083.0,402209.0,415634.0,428391.0,350956.0,272186.0,158314.0,312530.0,237050.0,209168.0,288503.0,283956.0
201915,289050.0,351111.0,337649.0,309866.0,139068.0,213284.0,190140.0,161548.0,206642.0,39312.0,75600.0,75600.0,75600.0,60480.0,60480.0,60480.0,60480.0,60480.0,60480.0,60480.0,60480.0,60480.0,54000.0,40000.0,75600.0,105840.0,90720.0,105840.0,90720.0,90720.0,90720.0,90720.0,90720.0,105840.0,49896.0,15876.0,0.0,0.0,4536.0,0.0,0.0,59229.0,60480.0,30240.0,0.0,8160.0,429497.0,104100.0,104100.0,104100.0,-999.0,-999.0,-999.0,242900.0,242900.0,-999.0,242900.0,242900.0,242900.0,104100.0,173500.0,173500.0,-999.0,237900.0,69400.0,-999.0,242900.0,225550.0,52050.0,-999.0,244900.0,337346.0,377083.0,402209.0,415634.0,428391.0,350956.0,272186.0,158314.0,312530.0,237050.0,209168.0,288503.0
201916,285098.0,289050.0,351111.0,337649.0,309866.0,139068.0,213284.0,190140.0,161548.0,40845.0,54000.0,75600.0,75600.0,75600.0,60480.0,60480.0,60480.0,49480.0,60480.0,60480.0,60480.0,60480.0,45360.0,75600.0,105840.0,90720.0,105840.0,90720.0,90720.0,90720.0,90720.0,90720.0,105840.0,105840.0,39312.0,49896.0,15876.0,0.0,0.0,4536.0,0.0,0.0,59229.0,60480.0,30240.0,0.0,434224.0,104100.0,104100.0,104100.0,104100.0,104100.0,173500.0,173500.0,173500.0,173500.0,-999.0,173500.0,17350.0,173500.0,173500.0,-999.0,237900.0,69400.0,-999.0,242900.0,225550.0,52050.0,-999.0,244900.0,225550.0,429497.0,337346.0,377083.0,402209.0,415634.0,428391.0,350956.0,272186.0,158314.0,312530.0,237050.0,209168.0
201917,261208.0,285098.0,289050.0,351111.0,337649.0,309866.0,139068.0,213284.0,190140.0,45360.0,45360.0,40000.0,60480.0,60480.0,60480.0,90720.0,90720.0,90720.0,90720.0,90720.0,90720.0,90720.0,60480.0,105840.0,90720.0,105840.0,90720.0,90720.0,90720.0,90720.0,90720.0,105840.0,105840.0,105840.0,40845.0,39312.0,49896.0,15876.0,0.0,0.0,4536.0,0.0,0.0,59229.0,60480.0,30240.0,419160.0,173500.0,173500.0,173500.0,168500.0,173500.0,173500.0,173500.0,173500.0,-999.0,-999.0,-999.0,-999.0,173500.0,-999.0,237900.0,69400.0,-999.0,242900.0,225550.0,52050.0,-999.0,244900.0,225550.0,34700.0,434224.0,429497.0,337346.0,377083.0,402209.0,415634.0,428391.0,350956.0,272186.0,158314.0,312530.0,237050.0
201918,323640.0,261208.0,285098.0,289050.0,351111.0,337649.0,309866.0,139068.0,213284.0,30240.0,60480.0,75600.0,75600.0,75600.0,75600.0,75600.0,90720.0,90720.0,90720.0,90720.0,90720.0,90720.0,45360.0,66300.0,75600.0,75600.0,136080.0,45360.0,75600.0,60480.0,105840.0,105840.0,105840.0,105840.0,45360.0,40845.0,39312.0,49896.0,15876.0,0.0,0.0,4536.0,0.0,0.0,59229.0,60480.0,427896.0,173500.0,173500.0,173500.0,173500.0,173500.0,173500.0,242900.0,242900.0,69400.0,-999.0,-999.0,167593.06402186048,-999.0,237900.0,69400.0,-999.0,242900.0,225550.0,52050.0,-999.0,244900.0,225550.0,34700.0,-999.0,419160.0,434224.0,429497.0,337346.0,377083.0,402209.0,415634.0,428391.0,350956.0,272186.0,158314.0,312530.0
201919,415278.0,323640.0,261208.0,285098.0,289050.0,351111.0,337649.0,309866.0,139068.0,45360.0,45360.0,105840.0,105840.0,105840.0,105840.0,105840.0,75600.0,90720.0,90720.0,90720.0,90720.0,90720.0,66300.0,75600.0,75600.0,136080.0,45360.0,75600.0,60480.0,105840.0,105840.0,105840.0,105840.0,105840.0,30240.0,45360.0,40845.0,39312.0,49896.0,15876.0,0.0,0.0,4536.0,0.0,0.0,59229.0,492123.0,-999.0,-999.0,-999.0,-999.0,-999.0,-999.0,-999.0,-999.0,-999.0,17350.0,17350.0,17350.0,237900.0,69400.0,-999.0,242900.0,225550.0,52050.0,-999.0,244900.0,225550.0,34700.0,-999.0,-999.0,427896.0,419160.0,434224.0,429497.0,337346.0,377083.0,402209.0,415634.0,428391.0,350956.0,272186.0,158314.0
201920,443888.0,415278.0,323640.0,261208.0,285098.0,289050.0,351111.0,337649.0,309866.0,60480.0,66300.0,66300.0,90720.0,90720.0,90720.0,90720.0,90720.0,75600.0,98880.0,98880.0,98880.0,98880.0,75600.0,60480.0,120960.0,45360.0,90720.0,60480.0,105840.0,105840.0,105840.0,105840.0,105840.0,120960.0,45360.0,30240.0,45360.0,40845.0,39312.0,49896.0,15876.0,0.0,0.0,4536.0,0.0,0.0,518349.0,237900.0,237900.0,237900.0,237900.0,237900.0,237900.0,-999.0,242900.0,242900.0,242900.0,225550.0,225550.0,90000.0,-999.0,242900.0,225550.0,52050.0,-999.0,242900.0,225550.0,34700.0,-999.0,-999.0,208200.0,492123.0,427896.0,419160.0,434224.0,429497.0,337346.0,377083.0,402209.0,415634.0,428391.0,350956.0,272186.0
201921,344825.0,443888.0,415278.0,323640.0,261208.0,285098.0,289050.0,351111.0,337649.0,60480.0,75600.0,75600.0,75600.0,105840.0,105840.0,105840.0,105840.0,105840.0,75600.0,120960.0,120960.0,120960.0,60480.0,120960.0,45360.0,90720.0,60480.0,105840.0,105840.0,105840.0,105840.0,105840.0,120960.0,120960.0,60480.0,45360.0,30240.0,45360.0,40845.0,39312.0,49896.0,15876.0,0.0,0.0,4536.0,0.0,385555.0,90000.0,69400.0,69400.0,69400.0,69400.0,69400.0,69400.0,69400.0,69400.0,69400.0,242900.0,242900.0,33700.0,242900.0,225550.0,-999.0,-999.0,244900.0,225550.0,34700.0,-999.0,-999.0,208200.0,242900.0,518349.0,492123.0,427896.0,419160.0,434224.0,429497.0,337346.0,377083.0,402209.0,415634.0,428391.0,350956.0
201922,459206.0,344825.0,443888.0,415278.0,323640.0,261208.0,285098.0,289050.0,351111.0,30240.0,60480.0,60480.0,75600.0,75600.0,90720.0,90720.0,90720.0,90720.0,90720.0,75600.0,120960.0,120960.0,120960.0,45360.0,90720.0,60480.0,105840.0,105840.0,105840.0,105840.0,105840.0,120960.0,120960.0,120960.0,60480.0,60480.0,45360.0,30240.0,45360.0,40845.0,39312.0,49896.0,15876.0,0.0,0.0,4536.0,452653.0,33700.0,-999.0,-999.0,-999.0,-999.0,-999.0,-999.0,-999.0,-999.0,-999.0,-999.0,-999.0,242900.0,225550.0,-999.0,-999.0,244900.0,225550.0,34700.0,112462.0,116787.0,112462.0,116787.0,112462.0,385555.0,518349.0,492123.0,427896.0,419160.0,434224.0,429497.0,337346.0,377083.0,402209.0,415634.0,428391.0
201923,291909.0,459206.0,344825.0,443888.0,415278.0,323640.0,261208.0,285098.0,289050.0,75600.0,120960.0,120960.0,120960.0,136080.0,136080.0,90720.0,90720.0,90720.0,90720.0,90720.0,75600.0,120960.0,45360.0,90720.0,60480.0,105840.0,105840.0,105840.0,105840.0,105840.0,120960.0,120960.0,120960.0,120960.0,30240.0,60480.0,60480.0,45360.0,30240.0,45360.0,40845.0,39312.0,49896.0,15876.0,0.0,0.0,439919.0,242900.0,242900.0,242900.0,242900.0,242900.0,242900.0,242900.0,242900.0,242900.0,242900.0,242900.0,242900.0,225550.0,-999.0,-999.0,242900.0,225550.0,34700.0,-999.0,-999.0,208200.0,242900.0,138800.0,34700.0,452653.0,385555.0,518349.0,492123.0,427896.0,419160.0,434224.0,429497.0,337346.0,377083.0,402209.0,415634.0
201924,318217.0,291909.0,459206.0,344825.0,443888.0,415278.0,323640.0,261208.0,285098.0,15120.0,45360.0,45360.0,45360.0,45360.0,45360.0,45360.0,90720.0,90720.0,90720.0,90720.0,90720.0,75600.0,0.0,60480.0,105840.0,105840.0,105840.0,105840.0,120960.0,120960.0,136080.0,120960.0,120960.0,120960.0,75600.0,30240.0,60480.0,60480.0,45360.0,30240.0,45360.0,40845.0,39312.0,49896.0,15876.0,0.0,450931.0,225550.0,225550.0,225550.0,225550.0,225550.0,225550.0,225550.0,225550.0,225550.0,225550.0,225550.0,225550.0,-999.0,-999.0,199500.0,185250.0,28500.0,-999.0,-999.0,188500.0,203000.0,116000.0,29500.0,191750.0,439919.0,452653.0,385555.0,518349.0,492123.0,427896.0,419160.0,434224.0,429497.0,337346.0,377083.0,402209.0
201925,454593.0,318217.0,291909.0,459206.0,344825.0,443888.0,415278.0,323640.0,261208.0,0.0,0.0,90720.0,90720.0,90720.0,90720.0,75600.0,75600.0,90720.0,90720.0,90720.0,90720.0,90720.0,60480.0,75600.0,60480.0,90720.0,90720.0,120960.0,120960.0,136080.0,60480.0,45360.0,45360.0,105840.0,15120.0,75600.0,30240.0,60480.0,60480.0,45360.0,30240.0,45360.0,40845.0,39312.0,49896.0,15876.0,339023.0,-999.0,-999.0,-999.0,-999.0,52050.0,52050.0,52050.0,52050.0,52050.0,52050.0,52050.0,52050.0,-999.0,210000.0,195000.0,210000.0,-999.0,-999.0,201500.0,203000.0,-999.0,29500.0,191750.0,206500.0,450931.0,439919.0,452653.0,385555.0,518349.0,492123.0,427896.0,419160.0,434224.0,429497.0,337346.0,377083.0
201926,561651.0,454593.0,318217.0,291909.0,459206.0,344825.0,443888.0,415278.0,323640.0,45360.0,60480.0,60480.0,60480.0,60480.0,60480.0,60480.0,60480.0,60480.0,90720.0,90720.0,90720.0,90720.0,75600.0,60480.0,90720.0,90720.0,120960.0,120960.0,136080.0,60480.0,45360.0,45360.0,105840.0,105840.0,0.0,15120.0,75600.0,30240.0,60480.0,60480.0,45360.0,30240.0,45360.0,40845.0,39312.0,49896.0,530333.0,-999.0,-999.0,-999.0,-999.0,-999.0,-999.0,-999.0,-999.0,-999.0,-999.0,-999.0,-999.0,199500.0,185250.0,199500.0,-999.0,-999.0,188500.0,203000.0,-999.0,29500.0,191750.0,206500.0,191750.0,339023.0,450931.0,439919.0,452653.0,385555.0,518349.0,492123.0,427896.0,419160.0,434224.0,429497.0,337346.0
201927,476590.0,561651.0,454593.0,318217.0,291909.0,459206.0,344825.0,443888.0,415278.0,60480.0,75600.0,75600.0,105840.0,105840.0,105840.0,105840.0,105840.0,105840.0,105840.0,105840.0,105840.0,105840.0,60480.0,90720.0,90720.0,120960.0,120960.0,136080.0,60480.0,45360.0,45360.0,105840.0,105840.0,120960.0,45360.0,0.0,15120.0,75600.0,30240.0,60480.0,60480.0,45360.0,30240.0,45360.0,40845.0,39312.0,440134.0,199500.0,210000.0,199500.0,242900.0,244900.0,244900.0,242900.0,244900.0,244900.0,244900.0,244900.0,244900.0,50000.0,-999.0,-999.0,116000.0,188500.0,203000.0,188500.0,29500.0,191750.0,206500.0,191750.0,-999.0,530333.0,339023.0,450931.0,439919.0,452653.0,385555.0,518349.0,492123.0,427896.0,419160.0,434224.0,429497.0
201928,390245.0,476590.0,561651.0,454593.0,318217.0,291909.0,459206.0,344825.0,443888.0,15120.0,60480.0,60480.0,60480.0,105840.0,105840.0,105840.0,105840.0,105840.0,105840.0,105840.0,105840.0,105840.0,30240.0,75600.0,120960.0,120960.0,136080.0,60480.0,45360.0,45360.0,105840.0,105840.0,120960.0,120960.0,60480.0,45360.0,0.0,15120.0,75600.0,30240.0,60480.0,60480.0,45360.0,30240.0,45360.0,40845.0,427594.0,50000.0,185250.0,195000.0,185250.0,225550.0,225550.0,225550.0,225550.0,225550.0,225550.0,225550.0,225550.0,-999.0,-999.0,116000.0,190500.0,203000.0,188500.0,58500.0,191750.0,206500.0,191750.0,-999.0,165000.0,440134.0,530333.0,339023.0,450931.0,439919.0,452653.0,385555.0,518349.0,492123.0,427896.0,419160.0,434224.0
201929,238170.0,390245.0,476590.0,561651.0,454593.0,318217.0,291909.0,459206.0,344825.0,29862.0,30240.0,90720.0,90720.0,90720.0,105840.0,105840.0,105840.0,105840.0,105840.0,105840.0,105840.0,105840.0,75600.0,120960.0,120960.0,136080.0,60480.0,45360.0,45360.0,105840.0,105840.0,120960.0,120960.0,151200.0,15120.0,60480.0,45360.0,0.0,15120.0,75600.0,30240.0,60480.0,60480.0,45360.0,30240.0,45360.0,392700.0,-999.0,-999.0,199500.0,210000.0,28500.0,34700.0,34700.0,34700.0,34700.0,34700.0,34700.0,34700.0,185250.0,85500.0,2000.0,116000.0,188500.0,29500.0,191750.0,206500.0,191750.0,-999.0,165000.0,210000.0,427594.0,440134.0,530333.0,339023.0,450931.0,439919.0,452653.0,385555.0,518349.0,492123.0,427896.0,419160.0
201930,293477.0,238170.0,390245.0,476590.0,561651.0,454593.0,318217.0,291909.0,459206.0,32886.0,75600.0,75600.0,90720.0,90720.0,90720.0,105840.0,105840.0,105840.0,105840.0,105840.0,105840.0,105840.0,60480.0,75600.0,90720.0,60480.0,75600.0,45360.0,105840.0,105840.0,120960.0,120960.0,151200.0,151200.0,29862.0,15120.0,60480.0,45360.0,0.0,15120.0,75600.0,30240.0,60480.0,60480.0,45360.0,30240.0,532017.0,185250.0,-999.0,-999.0,-999.0,-999.0,-999.0,-999.0,112462.0,-999.0,-999.0,-999.0,-999.0,85500.0,2000.0,116000.0,188500.0,29500.0,191750.0,206500.0,191750.0,-999.0,165000.0,210000.0,195000.0,392700.0,427594.0,440134.0,530333.0,339023.0,450931.0,439919.0,452653.0,385555.0,518349.0,492123.0,427896.0
201931,368492.0,293477.0,238170.0,390245.0,476590.0,561651.0,454593.0,318217.0,291909.0,57834.0,60480.0,120960.0,120960.0,120960.0,120960.0,120960.0,120960.0,105840.0,105840.0,105840.0,105840.0,105840.0,75600.0,90720.0,60480.0,75600.0,45360.0,105840.0,105840.0,120960.0,120960.0,151200.0,151200.0,151200.0,32886.0,29862.0,15120.0,60480.0,45360.0,0.0,15120.0,75600.0,30240.0,60480.0,60480.0,45360.0,534653.0,85500.0,85500.0,116000.0,116000.0,-999.0,-999.0,-999.0,-999.0,116787.0,-999.0,-999.0,-999.0,-999.0,-999.0,192500.0,203500.0,191750.0,206500.0,191750.0,-999.0,165000.0,210000.0,195000.0,210000.0,532017.0,392700.0,427594.0,440134.0,530333.0,339023.0,450931.0,439919.0,452653.0,385555.0,518349.0,492123.0
201932,436879.0,368492.0,293477.0,238170.0,390245.0,476590.0,561651.0,454593.0,318217.0,45360.0,75600.0,75600.0,120960.0,120960.0,120960.0,120960.0,120960.0,120960.0,120960.0,120960.0,120960.0,120960.0,90720.0,60480.0,75600.0,45360.0,105840.0,105840.0,120960.0,120960.0,151200.0,151200.0,151200.0,181440.0,57834.0,32886.0,29862.0,15120.0,60480.0,45360.0,0.0,15120.0,75600.0,30240.0,60480.0,60480.0,399134.0,-999.0,2000.0,2000.0,190500.0,188500.0,188500.0,201500.0,188500.0,208200.0,112462.0,208200.0,208200.0,29000.0,192500.0,203500.0,191750.0,206500.0,191750.0,-999.0,-999.0,-999.0,-999.0,-999.0,-999.0,534653.0,532017.0,392700.0,427594.0,440134.0,530333.0,339023.0,450931.0,439919.0,452653.0,385555.0,518349.0
201933,363343.0,436879.0,368492.0,293477.0,238170.0,390245.0,476590.0,561651.0,454593.0,4284.0,90720.0,90720.0,90720.0,136080.0,136080.0,136080.0,136080.0,136080.0,136080.0,120960.0,120960.0,120960.0,75600.0,60480.0,75600.0,105840.0,105840.0,120960.0,120960.0,151200.0,151200.0,151200.0,181440.0,181440.0,45360.0,57834.0,32886.0,29862.0,15120.0,60480.0,45360.0,0.0,15120.0,75600.0,30240.0,60480.0,535992.0,29000.0,-999.0,116000.0,116000.0,203000.0,203000.0,203000.0,203000.0,203000.0,242900.0,116787.0,242900.0,192500.0,203500.0,191750.0,206500.0,191750.0,-999.0,165000.0,210000.0,195000.0,210000.0,196250.0,213500.0,399134.0,534653.0,532017.0,392700.0,427594.0,440134.0,530333.0,339023.0,450931.0,439919.0,452653.0,385555.0
201934,458675.0,363343.0,436879.0,368492.0,293477.0,238170.0,390245.0,476590.0,561651.0,74811.0,75600.0,60480.0,60480.0,60480.0,60480.0,60480.0,60480.0,60480.0,60480.0,120960.0,120960.0,120960.0,75600.0,75600.0,105840.0,105840.0,120960.0,120960.0,151200.0,151200.0,151200.0,181440.0,181440.0,181440.0,4284.0,45360.0,57834.0,32886.0,29862.0,15120.0,60480.0,45360.0,0.0,15120.0,75600.0,30240.0,465629.0,192500.0,192500.0,192500.0,188500.0,188500.0,188500.0,188500.0,-999.0,-999.0,116000.0,138800.0,112462.0,203500.0,191750.0,206500.0,191750.0,-999.0,165000.0,210000.0,195000.0,210000.0,196250.0,213500.0,198250.0,535992.0,399134.0,534653.0,532017.0,392700.0,427594.0,440134.0,530333.0,339023.0,450931.0,439919.0,452653.0
201935,362539.0,458675.0,363343.0,436879.0,368492.0,293477.0,238170.0,390245.0,476590.0,60478.0,75600.0,60480.0,75600.0,75600.0,75600.0,45360.0,45360.0,45360.0,45360.0,45360.0,120960.0,120960.0,75600.0,90720.0,105840.0,90720.0,90720.0,151200.0,136080.0,151200.0,136080.0,151200.0,196560.0,151200.0,74811.0,4284.0,45360.0,57834.0,32886.0,29862.0,15120.0,60480.0,45360.0,0.0,15120.0,75600.0,377700.0,203500.0,203500.0,203500.0,203500.0,29500.0,29500.0,58500.0,29500.0,29500.0,29500.0,29500.0,34700.0,191750.0,206500.0,-999.0,-999.0,165000.0,210000.0,195000.0,210000.0,196250.0,213500.0,198250.0,213500.0,465629.0,535992.0,399134.0,534653.0,532017.0,392700.0,427594.0,440134.0,530333.0,339023.0,450931.0,439919.0
201936,346865.0,362539.0,458675.0,363343.0,436879.0,368492.0,293477.0,238170.0,390245.0,60480.0,75600.0,75600.0,75600.0,45360.0,45360.0,45360.0,45360.0,45360.0,45360.0,45360.0,45360.0,120960.0,90720.0,105840.0,90720.0,90720.0,151200.0,136080.0,151200.0,136080.0,151200.0,196560.0,151200.0,196560.0,60478.0,74811.0,4284.0,45360.0,57834.0,32886.0,29862.0,15120.0,60480.0,45360.0,0.0,15120.0,444339.0,191750.0,191750.0,191750.0,191750.0,191750.0,191750.0,191750.0,191750.0,191750.0,191750.0,191750.0,191750.0,208500.0,-999.0,-999.0,165000.0,210000.0,195000.0,210000.0,200250.0,213500.0,198250.0,213500.0,-999.0,377700.0,465629.0,535992.0,399134.0,534653.0,532017.0,392700.0,427594.0,440134.0,530333.0,339023.0,450931.0
201937,500085.0,346865.0,362539.0,458675.0,363343.0,436879.0,368492.0,293477.0,238170.0,27972.0,90720.0,90720.0,105840.0,105840.0,105840.0,105840.0,105840.0,105840.0,105840.0,105840.0,105840.0,105840.0,60480.0,75600.0,75600.0,75600.0,75600.0,90720.0,105840.0,105840.0,105840.0,120960.0,136080.0,136080.0,60480.0,60478.0,74811.0,4284.0,45360.0,57834.0,32886.0,29862.0,15120.0,60480.0,45360.0,0.0,479100.0,208500.0,206500.0,206500.0,206500.0,206500.0,206500.0,206500.0,206500.0,206500.0,206500.0,206500.0,206500.0,50000.0,-999.0,135000.0,210000.0,195000.0,210000.0,196000.0,213500.0,198250.0,213500.0,-999.0,217000.0,444339.0,377700.0,465629.0,535992.0,399134.0,534653.0,532017.0,392700.0,427594.0,440134.0,530333.0,339023.0
201938,742035.0,500085.0,346865.0,362539.0,458675.0,363343.0,436879.0,368492.0,293477.0,52920.0,60480.0,105840.0,105840.0,105840.0,105840.0,105840.0,105840.0,105840.0,105840.0,105840.0,105840.0,105840.0,60480.0,75600.0,75600.0,75600.0,90720.0,105840.0,105840.0,105840.0,120960.0,136080.0,136080.0,136080.0,27972.0,60480.0,60478.0,74811.0,4284.0,45360.0,57834.0,32886.0,29862.0,15120.0,60480.0,45360.0,409574.0,50000.0,-999.0,-999.0,191750.0,191750.0,191750.0,191750.0,191750.0,191750.0,191750.0,191750.0,191750.0,-999.0,-999.0,-999.0,195000.0,210000.0,196500.0,213500.0,-999.0,-999.0,-999.0,217000.0,201500.0,479100.0,444339.0,377700.0,465629.0,535992.0,399134.0,534653.0,532017.0,392700.0,427594.0,440134.0,530333.0
201939,801213.0,742035.0,500085.0,346865.0,362539.0,458675.0,363343.0,436879.0,368492.0,86886.0,60480.0,75600.0,90720.0,90720.0,120960.0,120960.0,120960.0,120960.0,120960.0,120960.0,120960.0,120960.0,75600.0,75600.0,75600.0,90720.0,105840.0,105840.0,105840.0,120960.0,136080.0,136080.0,136080.0,75600.0,52920.0,27972.0,60480.0,60478.0,74811.0,4284.0,45360.0,57834.0,32886.0,29862.0,15120.0,60480.0,308745.0,-999.0,-999.0,-999.0,-999.0,-999.0,-999.0,-999.0,-999.0,-999.0,-999.0,-999.0,-999.0,-999.0,90000.0,195000.0,210000.0,196500.0,213500.0,-999.0,-999.0,198250.0,213500.0,198250.0,213500.0,409574.0,479100.0,444339.0,377700.0,465629.0,535992.0,399134.0,534653.0,532017.0,392700.0,427594.0,440134.0
201940,745702.0,801213.0,742035.0,500085.0,346865.0,362539.0,458675.0,363343.0,436879.0,90720.0,75600.0,75600.0,75600.0,90720.0,90720.0,120960.0,120960.0,120960.0,120960.0,120960.0,120960.0,120960.0,75600.0,90720.0,90720.0,105840.0,120960.0,120960.0,120960.0,136080.0,151200.0,151200.0,90720.0,0.0,86886.0,52920.0,27972.0,60480.0,60478.0,74811.0,4284.0,45360.0,57834.0,32886.0,29862.0,15120.0,287308.0,-999.0,-999.0,135000.0,165000.0,165000.0,165000.0,165000.0,-999.0,165000.0,165000.0,165000.0,165000.0,-999.0,195000.0,210000.0,196500.0,213500.0,-999.0,-999.0,198250.0,213500.0,198250.0,213500.0,76250.0,308745.0,409574.0,479100.0,444339.0,377700.0,465629.0,535992.0,399134.0,534653.0,532017.0,392700.0,427594.0
201941,568320.0,745702.0,801213.0,742035.0,500085.0,346865.0,362539.0,458675.0,363343.0,54432.0,75600.0,75600.0,75600.0,75600.0,151200.0,151200.0,151200.0,151200.0,151200.0,151200.0,151200.0,151200.0,90720.0,90720.0,105840.0,120960.0,120960.0,120960.0,136080.0,181440.0,181440.0,105840.0,0.0,0.0,90720.0,86886.0,52920.0,27972.0,60480.0,60478.0,74811.0,4284.0,45360.0,57834.0,32886.0,29862.0,439265.0,-999.0,90000.0,-999.0,210000.0,210000.0,210000.0,210000.0,210000.0,-999.0,210000.0,210000.0,210000.0,195000.0,210000.0,188900.0,183000.0,-999.0,-999.0,205900.0,213500.0,198250.0,213500.0,76250.0,214500.0,287308.0,308745.0,409574.0,479100.0,444339.0,377700.0,465629.0,535992.0,399134.0,534653.0,532017.0,392700.0
201942,383098.0,568320.0,745702.0,801213.0,742035.0,500085.0,346865.0,362539.0,458675.0,82404.0,90720.0,90720.0,75600.0,75600.0,75600.0,136080.0,136080.0,151200.0,151200.0,151200.0,151200.0,151200.0,90720.0,105840.0,120960.0,120960.0,120960.0,136080.0,181440.0,181440.0,105840.0,0.0,97331.0,264376.0,54432.0,90720.0,86886.0,52920.0,27972.0,60480.0,60478.0,74811.0,4284.0,45360.0,57834.0,32886.0,394547.0,195000.0,195000.0,195000.0,195000.0,195000.0,195000.0,195000.0,195000.0,195000.0,-999.0,195000.0,195000.0,210000.0,188900.0,183000.0,2000.0,-999.0,205900.0,213500.0,205900.0,213500.0,122000.0,214500.0,199550.0,439265.0,287308.0,308745.0,409574.0,479100.0,444339.0,377700.0,465629.0,535992.0,399134.0,534653.0,532017.0
201943,353660.0,383098.0,568320.0,745702.0,801213.0,742035.0,500085.0,346865.0,362539.0,64638.0,90720.0,90720.0,90720.0,90720.0,90720.0,90720.0,151200.0,151200.0,151200.0,151200.0,151200.0,151200.0,105840.0,120960.0,120960.0,120960.0,136080.0,181440.0,181440.0,105840.0,0.0,97331.0,264376.0,279152.0,82404.0,54432.0,90720.0,86886.0,52920.0,27972.0,60480.0,60478.0,74811.0,4284.0,45360.0,57834.0,367032.0,210000.0,210000.0,210000.0,210000.0,210000.0,210000.0,210000.0,210000.0,210000.0,210000.0,-999.0,210000.0,217000.0,192000.0,2000.0,-999.0,231000.0,231000.0,231000.0,213500.0,122000.0,215000.0,199550.0,242900.0,394547.0,439265.0,287308.0,308745.0,409574.0,479100.0,444339.0,377700.0,465629.0,535992.0,399134.0,534653.0
201944,399927.0,353660.0,383098.0,568320.0,745702.0,801213.0,742035.0,500085.0,346865.0,0.0,105840.0,105840.0,105840.0,105840.0,105840.0,105840.0,105840.0,136080.0,136080.0,181440.0,181440.0,181440.0,120960.0,120960.0,105840.0,120960.0,151200.0,151200.0,105840.0,0.0,97331.0,264376.0,279152.0,293228.0,64638.0,82404.0,54432.0,90720.0,86886.0,52920.0,27972.0,60480.0,60478.0,74811.0,4284.0,45360.0,374680.0,217000.0,188900.0,188900.0,196500.0,196500.0,196500.0,196000.0,200250.0,196250.0,196250.0,196250.0,-999.0,183000.0,2000.0,-999.0,206000.0,206000.0,206000.0,213500.0,122000.0,215000.0,199550.0,238900.0,259550.0,367032.0,394547.0,439265.0,287308.0,308745.0,409574.0,479100.0,444339.0,377700.0,465629.0,535992.0,399134.0
201945,533187.0,399927.0,353660.0,383098.0,568320.0,745702.0,801213.0,742035.0,500085.0,68796.0,120960.0,120960.0,120960.0,120960.0,120960.0,105840.0,105840.0,105840.0,151200.0,151200.0,181440.0,181440.0,120960.0,105840.0,120960.0,151200.0,151200.0,105840.0,0.0,97331.0,264376.0,279152.0,293228.0,293228.0,0.0,64638.0,82404.0,54432.0,90720.0,86886.0,52920.0,27972.0,60480.0,60478.0,74811.0,4284.0,427092.0,183000.0,192000.0,183000.0,183000.0,213500.0,213500.0,213500.0,213500.0,213500.0,213500.0,213500.0,213500.0,116500.0,-999.0,114500.0,206000.0,206000.0,213500.0,122000.0,217000.0,199550.0,238900.0,259550.0,336000.0,374680.0,367032.0,394547.0,439265.0,287308.0,308745.0,409574.0,479100.0,444339.0,377700.0,465629.0,535992.0
201946,737397.0,533187.0,399927.0,353660.0,383098.0,568320.0,745702.0,801213.0,742035.0,120960.0,120960.0,120960.0,120960.0,120960.0,120960.0,120960.0,105840.0,105840.0,105840.0,196560.0,196560.0,181440.0,105840.0,120960.0,151200.0,151200.0,105840.0,0.0,97331.0,264376.0,279152.0,293228.0,293228.0,293228.0,68796.0,0.0,64638.0,82404.0,54432.0,90720.0,86886.0,52920.0,27972.0,60480.0,60478.0,74811.0,490019.0,116500.0,2000.0,2000.0,2000.0,-999.0,-999.0,-999.0,-999.0,198250.0,198250.0,198250.0,198250.0,-999.0,137500.0,206000.0,206000.0,213500.0,122000.0,215000.0,207225.0,231225.0,267225.0,327225.0,269925.0,427092.0,374680.0,367032.0,394547.0,439265.0,287308.0,308745.0,409574.0,479100.0,444339.0,377700.0,465629.0
201947,737372.0,737397.0,533187.0,399927.0,353660.0,383098.0,568320.0,745702.0,801213.0,80892.0,105840.0,105840.0,105840.0,120960.0,120960.0,120960.0,120960.0,120960.0,120960.0,120960.0,151200.0,151200.0,120960.0,151200.0,151200.0,105840.0,0.0,0.0,136080.0,136080.0,151200.0,211680.0,151200.0,166320.0,120960.0,68796.0,0.0,64638.0,82404.0,54432.0,90720.0,86886.0,52920.0,27972.0,60480.0,60478.0,450968.0,-999.0,-999.0,-999.0,-999.0,-999.0,-999.0,-999.0,-999.0,-999.0,213500.0,213500.0,213500.0,-999.0,198500.0,206000.0,213500.0,122000.0,214500.0,207200.0,-999.0,-999.0,207225.0,209925.0,209925.0,490019.0,427092.0,374680.0,367032.0,394547.0,439265.0,287308.0,308745.0,409574.0,479100.0,444339.0,377700.0
201948,682787.0,737372.0,737397.0,533187.0,399927.0,353660.0,383098.0,568320.0,745702.0,69174.0,120960.0,120960.0,120960.0,120960.0,136080.0,136080.0,136080.0,136080.0,136080.0,136080.0,136080.0,196560.0,151200.0,151200.0,105840.0,0.0,60480.0,136080.0,75600.0,151200.0,211680.0,151200.0,166320.0,181440.0,80892.0,120960.0,68796.0,0.0,64638.0,82404.0,54432.0,90720.0,86886.0,52920.0,27972.0,60480.0,258245.0,-999.0,137500.0,114500.0,206000.0,231000.0,205900.0,205900.0,198250.0,198250.0,-999.0,-999.0,-999.0,203000.0,195500.0,203000.0,116000.0,208000.0,195000.0,-999.0,-999.0,207225.0,209925.0,209925.0,-999.0,450968.0,490019.0,427092.0,374680.0,367032.0,394547.0,439265.0,287308.0,308745.0,409574.0,479100.0,444339.0
201949,692404.0,682787.0,737372.0,737397.0,533187.0,399927.0,353660.0,383098.0,568320.0,46494.0,151200.0,151200.0,151200.0,151200.0,151200.0,181440.0,181440.0,181440.0,151200.0,136080.0,136080.0,136080.0,151200.0,105840.0,0.0,60480.0,136080.0,75600.0,151200.0,211680.0,151200.0,166320.0,181440.0,226800.0,69174.0,80892.0,120960.0,68796.0,0.0,64638.0,82404.0,54432.0,90720.0,86886.0,52920.0,27972.0,133191.0,203000.0,198500.0,206000.0,206000.0,206000.0,231000.0,213500.0,213500.0,213500.0,213500.0,217000.0,217000.0,200340.0,203000.0,116000.0,206000.0,195000.0,202500.0,202500.0,203375.0,205875.0,205875.0,-999.0,103950.0,258245.0,450968.0,490019.0,427092.0,374680.0,367032.0,394547.0,439265.0,287308.0,308745.0,409574.0,479100.0
201950,535314.0,692404.0,682787.0,737372.0,737397.0,533187.0,399927.0,353660.0,383098.0,87696.0,151200.0,151200.0,151200.0,151200.0,151200.0,151200.0,181440.0,181440.0,181440.0,151200.0,136080.0,136080.0,105840.0,0.0,60480.0,136080.0,75600.0,151200.0,211680.0,151200.0,166320.0,181440.0,226800.0,136080.0,46494.0,69174.0,80892.0,120960.0,68796.0,0.0,64638.0,82404.0,54432.0,90720.0,86886.0,52920.0,420560.0,200340.0,195500.0,206000.0,206000.0,206000.0,206000.0,231000.0,205900.0,198250.0,198250.0,198250.0,201500.0,200500.0,116000.0,206000.0,195000.0,210000.0,195000.0,211000.0,-999.0,-999.0,-999.0,103950.0,316575.0,133191.0,258245.0,450968.0,490019.0,427092.0,374680.0,367032.0,394547.0,439265.0,287308.0,308745.0,409574.0
201951,539109.0,535314.0,692404.0,682787.0,737372.0,737397.0,533187.0,399927.0,353660.0,62748.0,105840.0,105840.0,105840.0,105840.0,105840.0,105840.0,105840.0,105840.0,105840.0,105840.0,90720.0,75600.0,0.0,60480.0,136080.0,75600.0,151200.0,211680.0,151200.0,166320.0,181440.0,226800.0,136080.0,151200.0,87696.0,46494.0,69174.0,80892.0,120960.0,68796.0,0.0,64638.0,82404.0,54432.0,90720.0,86886.0,472028.0,200500.0,203000.0,203000.0,213500.0,213500.0,213500.0,213500.0,213500.0,213500.0,213500.0,213500.0,213500.0,108750.0,139000.0,202500.0,202500.0,202500.0,203375.0,-999.0,-999.0,-999.0,275875.0,282625.0,282625.0,420560.0,133191.0,258245.0,450968.0,490019.0,427092.0,374680.0,367032.0,394547.0,439265.0,287308.0,308745.0
202002,886583.0,790824.0,637507.0,539109.0,535314.0,692404.0,682787.0,737372.0,737397.0,128520.0,105840.0,105840.0,136080.0,136080.0,136080.0,136080.0,136080.0,264376.0,264376.0,264376.0,264376.0,264376.0,105840.0,120960.0,120960.0,120960.0,120960.0,120960.0,120960.0,120960.0,120960.0,151200.0,151200.0,0.0,29862.0,0.0,62748.0,87696.0,46494.0,69174.0,80892.0,120960.0,68796.0,0.0,64638.0,82404.0,329459.0,202500.0,202500.0,202500.0,195000.0,195000.0,195000.0,207200.0,207225.0,199550.0,199550.0,199550.0,199550.0,200500.0,199100.0,171000.0,-999.0,-999.0,-999.0,70000.0,282625.0,282625.0,282625.0,282625.0,282625.0,326957.0,-999.0,-999.0,-999.0,-999.0,-999.0,-999.0,-999.0,-999.0,-999.0,-999.0,-999.0
202003,796288.0,886583.0,790824.0,637507.0,539109.0,535314.0,692404.0,682787.0,737372.0,120960.0,105840.0,105840.0,105840.0,75600.0,75600.0,75600.0,75600.0,136080.0,279152.0,279152.0,279152.0,279152.0,105840.0,120960.0,120960.0,141960.0,120960.0,120960.0,120960.0,120960.0,151200.0,151200.0,151200.0,151200.0,128520.0,29862.0,0.0,62748.0,87696.0,46494.0,69174.0,80892.0,120960.0,68796.0,0.0,64638.0,296120.0,200500.0,199500.0,202500.0,202500.0,210000.0,202500.0,-999.0,-999.0,231225.0,238900.0,238900.0,242900.0,200100.0,229000.0,120000.0,-999.0,-999.0,70000.0,259000.0,261700.0,261700.0,261700.0,263600.0,28000.0,329459.0,326957.0,-999.0,-999.0,-999.0,-999.0,-999.0,-999.0,-999.0,-999.0,-999.0,-999.0
202004,874640.0,796288.0,886583.0,790824.0,637507.0,539109.0,535314.0,692404.0,682787.0,120960.0,105840.0,120960.0,120960.0,120960.0,151200.0,151200.0,151200.0,151200.0,151200.0,293228.0,293228.0,293228.0,120960.0,120960.0,141960.0,136080.0,136080.0,120960.0,120960.0,151200.0,151200.0,151200.0,151200.0,151200.0,120960.0,128520.0,29862.0,0.0,62748.0,87696.0,46494.0,69174.0,80892.0,120960.0,68796.0,0.0,228923.0,200100.0,199100.0,202500.0,202500.0,202500.0,195000.0,202500.0,-999.0,-999.0,267225.0,259550.0,259550.0,201000.0,120000.0,-999.0,-999.0,35000.0,226700.0,226700.0,141500.0,261700.0,263600.0,52500.0,139725.0,296120.0,329459.0,326957.0,-999.0,-999.0,-999.0,-999.0,-999.0,-999.0,-999.0,-999.0,-999.0
202005,718761.0,874640.0,796288.0,886583.0,790824.0,637507.0,539109.0,535314.0,692404.0,105840.0,120960.0,120960.0,120960.0,120960.0,120960.0,211680.0,211680.0,211680.0,211680.0,211680.0,293228.0,293228.0,136080.0,141960.0,136080.0,136080.0,136080.0,105840.0,151200.0,151200.0,151200.0,151200.0,151200.0,166320.0,120960.0,120960.0,128520.0,29862.0,0.0,62748.0,87696.0,46494.0,69174.0,80892.0,120960.0,68796.0,192274.0,201000.0,229000.0,171000.0,203375.0,203375.0,203375.0,211000.0,203375.0,207225.0,207225.0,327225.0,336000.0,49000.0,-999.0,-999.0,35000.0,226700.0,226700.0,226700.0,261700.0,263600.0,52500.0,139725.0,139725.0,228923.0,296120.0,329459.0,326957.0,-999.0,-999.0,-999.0,-999.0,-999.0,-999.0,-999.0,-999.0
202006,720550.0,718761.0,874640.0,796288.0,886583.0,790824.0,637507.0,539109.0,535314.0,74844.0,136080.0,120960.0,120960.0,120960.0,120960.0,120960.0,151200.0,151200.0,151200.0,151200.0,151200.0,293228.0,141960.0,136080.0,136080.0,136080.0,105840.0,151200.0,151200.0,151200.0,151200.0,151200.0,166320.0,166320.0,105840.0,120960.0,120960.0,128520.0,29862.0,0.0,62748.0,87696.0,46494.0,69174.0,80892.0,120960.0,215942.0,49000.0,120000.0,120000.0,-999.0,-999.0,-999.0,-999.0,-999.0,205875.0,209925.0,209925.0,269925.0,2000.0,-999.0,35000.0,226700.0,226700.0,226700.0,261700.0,263600.0,160500.0,334125.0,334125.0,351450.0,192274.0,228923.0,296120.0,329459.0,326957.0,-999.0,-999.0,-999.0,-999.0,-999.0,-999.0,-999.0
202007,744909.0,720550.0,718761.0,874640.0,796288.0,886583.0,790824.0,637507.0,539109.0,75600.0,141960.0,141960.0,141960.0,141960.0,120960.0,120960.0,120960.0,166320.0,166320.0,166320.0,166320.0,166320.0,136080.0,136080.0,136080.0,105840.0,151200.0,151200.0,151200.0,151200.0,151200.0,166320.0,166320.0,196560.0,74844.0,105840.0,120960.0,120960.0,128520.0,29862.0,0.0,62748.0,87696.0,46494.0,69174.0,80892.0,365736.0,2000.0,-999.0,-999.0,-999.0,-999.0,-999.0,-999.0,-999.0,-999.0,205875.0,209925.0,209925.0,-999.0,63400.0,226700.0,191700.0,226700.0,261700.0,256400.0,160500.0,334125.0,334125.0,351450.0,179550.0,215942.0,192274.0,228923.0,296120.0,329459.0,326957.0,-999.0,-999.0,-999.0,-999.0,-999.0,-999.0
202008,795084.0,744909.0,720550.0,718761.0,874640.0,796288.0,886583.0,790824.0,637507.0,150599.0,136080.0,136080.0,136080.0,136080.0,120960.0,120960.0,120960.0,120960.0,181440.0,181440.0,181440.0,181440.0,166320.0,136080.0,105840.0,151200.0,151200.0,151200.0,151200.0,151200.0,166320.0,166320.0,196560.0,226801.0,75600.0,74844.0,105840.0,120960.0,120960.0,128520.0,29862.0,0.0,62748.0,87696.0,46494.0,69174.0,229997.0,-999.0,-999.0,-999.0,-999.0,-999.0,-999.0,-999.0,-999.0,-999.0,-999.0,-999.0,-999.0,35000.0,226700.0,226700.0,226700.0,261700.0,263700.0,160500.0,334125.0,334125.0,351450.0,179550.0,179550.0,365736.0,215942.0,192274.0,228923.0,296120.0,329459.0,326957.0,-999.0,-999.0,-999.0,-999.0,-999.0
202009,644600.0,795084.0,744909.0,720550.0,718761.0,874640.0,796288.0,886583.0,790824.0,120960.0,166320.0,136080.0,136080.0,136080.0,136080.0,120960.0,120960.0,120960.0,120960.0,226800.0,226800.0,226800.0,136080.0,136080.0,151200.0,166320.0,181440.0,181440.0,151200.0,166320.0,181440.0,196560.0,226801.0,257040.0,150599.0,75600.0,74844.0,105840.0,120960.0,120960.0,128520.0,29862.0,0.0,62748.0,87696.0,46494.0,293829.0,35000.0,63400.0,35000.0,35000.0,35000.0,70000.0,70000.0,275875.0,275875.0,275875.0,103950.0,103950.0,224000.0,224000.0,224000.0,254000.0,288800.0,171000.0,328950.0,328950.0,344800.0,179550.0,179550.0,179550.0,229997.0,365736.0,215942.0,192274.0,228923.0,296120.0,329459.0,326957.0,-999.0,-999.0,-999.0,-999.0
202010,602958.0,644600.0,795084.0,744909.0,720550.0,718761.0,874640.0,796288.0,886583.0,119826.0,136080.0,136080.0,136080.0,136080.0,136080.0,120960.0,120960.0,120960.0,120960.0,120960.0,136080.0,136080.0,136080.0,136080.0,181440.0,181440.0,181440.0,151200.0,166320.0,181440.0,196560.0,226801.0,453600.0,453600.0,120960.0,150599.0,75600.0,74844.0,105840.0,120960.0,120960.0,128520.0,29862.0,0.0,62748.0,87696.0,394467.0,224000.0,226700.0,226700.0,226700.0,226700.0,226700.0,259000.0,282625.0,282625.0,282625.0,282625.0,316575.0,234500.0,231000.0,235000.0,288800.0,164000.0,328950.0,328950.0,344800.0,376650.0,376650.0,376650.0,376650.0,293829.0,229997.0,365736.0,215942.0,192274.0,228923.0,296120.0,329459.0,326957.0,-999.0,-999.0,-999.0
202011,323728.0,602958.0,644600.0,795084.0,744909.0,720550.0,718761.0,874640.0,796288.0,61992.0,136080.0,136080.0,105840.0,105840.0,105840.0,105840.0,120960.0,120960.0,120960.0,120960.0,120960.0,151200.0,136080.0,181440.0,181440.0,181440.0,151200.0,166320.0,181440.0,196560.0,226801.0,453600.0,453600.0,446040.0,119826.0,120960.0,150599.0,75600.0,74844.0,105840.0,120960.0,120960.0,128520.0,29862.0,0.0,62748.0,230080.0,234500.0,224000.0,226700.0,191700.0,226700.0,226700.0,226700.0,261700.0,282625.0,282625.0,282625.0,282625.0,241500.0,248100.0,296800.0,184000.0,329400.0,336150.0,350750.0,376650.0,376650.0,376650.0,376650.0,442450.0,394467.0,293829.0,229997.0,365736.0,215942.0,192274.0,228923.0,296120.0,329459.0,326957.0,-999.0,-999.0
202012,476367.0,323728.0,602958.0,644600.0,795084.0,744909.0,720550.0,718761.0,874640.0,98280.0,136080.0,136080.0,151200.0,151200.0,151200.0,151200.0,151200.0,151200.0,151200.0,151200.0,191273.0,191273.0,181440.0,181440.0,181440.0,151200.0,166320.0,181440.0,196560.0,226800.0,453600.0,453600.0,446040.0,299376.0,61992.0,119826.0,120960.0,150599.0,75600.0,74844.0,105840.0,120960.0,120960.0,128520.0,29862.0,0.0,279378.0,241500.0,231000.0,224000.0,226700.0,226700.0,226700.0,226700.0,141500.0,261700.0,282625.0,282625.0,282625.0,228000.0,280500.0,172500.0,310500.0,337500.0,337500.0,344250.0,376650.0,376650.0,376650.0,442450.0,589950.0,230080.0,394467.0,293829.0,229997.0,365736.0,215942.0,192274.0,228923.0,296120.0,329459.0,326957.0,-999.0
202013,659512.0,476367.0,323728.0,602958.0,644600.0,795084.0,744909.0,720550.0,718761.0,115975.0,181440.0,181440.0,181440.0,166320.0,151200.0,151200.0,151200.0,151200.0,151200.0,151200.0,151200.0,191273.0,181440.0,181440.0,151200.0,166320.0,181440.0,196560.0,226800.0,453600.0,453600.0,446040.0,299376.0,365904.0,98280.0,61992.0,119826.0,120960.0,150599.0,75600.0,74844.0,105840.0,120960.0,120960.0,128520.0,29862.0,422217.0,228000.0,248100.0,235000.0,254000.0,261700.0,261700.0,261700.0,261700.0,261700.0,261700.0,282625.0,282625.0,283500.0,108000.0,210000.0,337500.0,314250.0,357750.0,364500.0,364500.0,372600.0,429625.0,590625.0,590625.0,279378.0,230080.0,394467.0,293829.0,229997.0,365736.0,215942.0,192274.0,228923.0,296120.0,329459.0,326957.0
202014,761967.0,659512.0,476367.0,323728.0,602958.0,644600.0,795084.0,744909.0,720550.0,70686.0,75600.0,75600.0,75600.0,75600.0,0.0,0.0,0.0,0.0,0.0,0.0,0.0,0.0,136080.0,136080.0,166320.0,181440.0,196560.0,257040.0,272160.0,272160.0,257040.0,302400.0,347760.0,393120.0,115975.0,98280.0,61992.0,119826.0,120960.0,150599.0,75600.0,74844.0,105840.0,120960.0,120960.0,128520.0,417985.0,283500.0,280500.0,296800.0,288800.0,288800.0,263700.0,256400.0,263600.0,263600.0,263600.0,263600.0,282625.0,108000.0,135000.0,253125.0,322875.0,367875.0,374625.0,301500.0,175500.0,175500.0,358625.0,388125.0,593325.0,422217.0,279378.0,230080.0,394467.0,293829.0,229997.0,365736.0,215942.0,192274.0,228923.0,296120.0,329459.0
202015,872721.0,761967.0,659512.0,476367.0,323728.0,602958.0,644600.0,795084.0,744909.0,45360.0,136080.0,181440.0,181440.0,181440.0,181440.0,181440.0,151200.0,151200.0,151200.0,151200.0,151200.0,151200.0,105840.0,166320.0,181440.0,196560.0,257040.0,272160.0,272160.0,257040.0,302400.0,347760.0,393120.0,378000.0,70686.0,115975.0,98280.0,61992.0,119826.0,120960.0,150599.0,75600.0,74844.0,105840.0,120960.0,120960.0,465186.0,108000.0,108000.0,172500.0,184000.0,164000.0,171000.0,160500.0,160500.0,160500.0,52500.0,52500.0,28000.0,115000.0,135000.0,236750.0,350250.0,350250.0,357000.0,370500.0,169000.0,182000.0,182000.0,438600.0,528150.0,417985.0,422217.0,279378.0,230080.0,394467.0,293829.0,229997.0,365736.0,215942.0,192274.0,228923.0,296120.0
202016,1154004.0,872721.0,761967.0,659512.0,476367.0,323728.0,602958.0,644600.0,795084.0,90720.0,105840.0,136080.0,151200.0,151200.0,151200.0,151200.0,151200.0,151200.0,151200.0,151200.0,151200.0,151200.0,120960.0,166320.0,226800.0,226800.0,211680.0,211680.0,241920.0,287280.0,302400.0,393120.0,378000.0,393120.0,45360.0,70686.0,115975.0,98280.0,61992.0,119826.0,120960.0,150599.0,75600.0,74844.0,105840.0,120960.0,447355.0,115000.0,135000.0,210000.0,310500.0,329400.0,328950.0,328950.0,334125.0,334125.0,334125.0,139725.0,139725.0,137000.0,139500.0,141750.0,249750.0,366750.0,380250.0,373750.0,377000.0,377000.0,379600.0,378150.0,382200.0,465186.0,417985.0,422217.0,279378.0,230080.0,394467.0,293829.0,229997.0,365736.0,215942.0,192274.0,228923.0
202017,1139028.0,1154004.0,872721.0,761967.0,659512.0,476367.0,323728.0,602958.0,644600.0,117180.0,120960.0,166320.0,166320.0,166320.0,166320.0,166320.0,166320.0,166320.0,166320.0,166320.0,166320.0,166320.0,166320.0,226800.0,226800.0,211680.0,211680.0,241920.0,287280.0,302400.0,393120.0,378000.0,393120.0,438480.0,90720.0,45360.0,70686.0,115975.0,98280.0,61992.0,119826.0,120960.0,150599.0,75600.0,74844.0,105840.0,215542.0,137000.0,135000.0,253125.0,337500.0,337500.0,336150.0,328950.0,328950.0,334125.0,334125.0,334125.0,139725.0,91000.0,141750.0,155250.0,162000.0,175500.0,373750.0,393750.0,332000.0,334600.0,336400.0,573950.0,573950.0,447355.0,465186.0,417985.0,422217.0,279378.0,230080.0,394467.0,293829.0,229997.0,365736.0,215942.0,192274.0
202018,1149134.0,1139028.0,1154004.0,872721.0,761967.0,659512.0,476367.0,323728.0,602958.0,57456.0,166320.0,166320.0,181440.0,181440.0,181440.0,181440.0,181440.0,181440.0,181440.0,166320.0,166320.0,166320.0,60480.0,272160.0,136080.0,241920.0,211681.0,302400.0,317520.0,347760.0,362880.0,378000.0,408240.0,181440.0,117180.0,90720.0,45360.0,70686.0,115975.0,98280.0,61992.0,119826.0,120960.0,150599.0,75600.0,74844.0,427288.0,91000.0,139500.0,236750.0,322875.0,314250.0,337500.0,350750.0,344800.0,344800.0,351450.0,351450.0,351450.0,63000.0,-999.0,-999.0,-999.0,173500.0,195000.0,195000.0,-999.0,150000.0,195000.0,195000.0,441200.0,215542.0,447355.0,465186.0,417985.0,422217.0,279378.0,230080.0,394467.0,293829.0,229997.0,365736.0,215942.0
202019,1190996.0,1149134.0,1139028.0,1154004.0,872721.0,761967.0,659512.0,476367.0,323728.0,146219.0,60480.0,226800.0,226800.0,196560.0,196560.0,196560.0,196560.0,196560.0,196560.0,196560.0,196560.0,196560.0,120960.0,120960.0,181440.0,166321.0,211680.0,211680.0,196560.0,151200.0,196560.0,241920.0,136080.0,226800.0,57456.0,117180.0,90720.0,45360.0,70686.0,115975.0,98280.0,61992.0,119826.0,120960.0,150599.0,75600.0,207258.0,63000.0,141750.0,141750.0,350250.0,367875.0,357750.0,344250.0,376650.0,376650.0,179550.0,179550.0,179550.0,1000.0,40000.0,148500.0,175500.0,189000.0,304000.0,390750.0,150000.0,195000.0,195000.0,382200.0,470700.0,427288.0,215542.0,447355.0,465186.0,417985.0,422217.0,279378.0,230080.0,394467.0,293829.0,229997.0,365736.0
202020,1085768.0,1190996.0,1149134.0,1139028.0,1154004.0,872721.0,761967.0,659512.0,476367.0,75351.0,120960.0,272160.0,226800.0,226800.0,257040.0,257040.0,226800.0,226800.0,226801.0,226801.0,226801.0,226801.0,120960.0,196560.0,166321.0,211680.0,211680.0,196560.0,166320.0,196560.0,226800.0,136080.0,241920.0,386352.0,146219.0,57456.0,117180.0,90720.0,45360.0,70686.0,115975.0,98280.0,61992.0,119826.0,120960.0,150599.0,155423.0,1000.0,-999.0,155250.0,249750.0,350250.0,374625.0,364500.0,376650.0,376650.0,376650.0,179550.0,179550.0,39500.0,98750.0,162000.0,162000.0,282000.0,180000.0,180000.0,195000.0,195000.0,382200.0,470700.0,529700.0,207258.0,427288.0,215542.0,447355.0,465186.0,417985.0,422217.0,279378.0,230080.0,394467.0,293829.0,229997.0
202021,904876.0,1085768.0,1190996.0,1149134.0,1139028.0,1154004.0,872721.0,761967.0,659512.0,105327.0,120960.0,120960.0,136080.0,211680.0,211680.0,272160.0,272160.0,453600.0,453600.0,453600.0,453600.0,257040.0,272160.0,136081.0,211680.0,211680.0,196560.0,166320.0,196560.0,226800.0,136080.0,281232.0,347040.0,362160.0,75351.0,146219.0,57456.0,117180.0,90720.0,45360.0,70686.0,115975.0,98280.0,61992.0,119826.0,120960.0,160729.0,39500.0,40000.0,-999.0,162000.0,366750.0,357000.0,301500.0,364500.0,376650.0,376650.0,376650.0,179550.0,143400.0,202500.0,180000.0,202500.0,202500.0,202500.0,138000.0,339000.0,339000.0,427500.0,486500.0,486500.0,155423.0,207258.0,427288.0,215542.0,447355.0,465186.0,417985.0,422217.0,279378.0,230080.0,394467.0,293829.0
202022,758574.0,904876.0,1085768.0,1190996.0,1149134.0,1139028.0,1154004.0,872721.0,761967.0,332262.0,272160.0,196560.0,181440.0,241920.0,211680.0,211680.0,272160.0,272160.0,453600.0,453600.0,453600.0,453600.0,15121.0,211680.0,211680.0,196560.0,166320.0,196560.0,226800.0,136080.0,281232.0,347040.0,362160.0,362160.0,105327.0,75351.0,146219.0,57456.0,117180.0,90720.0,45360.0,70686.0,115975.0,98280.0,61992.0,119826.0,149811.0,143400.0,98750.0,148500.0,-999.0,175500.0,380250.0,370500.0,175500.0,372600.0,376650.0,376650.0,376650.0,202500.0,180000.0,202500.0,202500.0,202500.0,187140.0,339000.0,339000.0,339000.0,530750.0,501250.0,339000.0,160729.0,155423.0,207258.0,427288.0,215542.0,447355.0,465186.0,417985.0,422217.0,279378.0,230080.0,394467.0
202023,566767.0,758574.0,904876.0,1085768.0,1190996.0,1149134.0,1139028.0,1154004.0,872721.0,30240.0,15121.0,136081.0,166321.0,166321.0,211681.0,241920.0,241920.0,257040.0,257040.0,446040.0,446040.0,446040.0,151200.0,211680.0,241920.0,196560.0,196560.0,226800.0,136080.0,281232.0,347040.0,362160.0,362160.0,377280.0,332262.0,105327.0,75351.0,146219.0,57456.0,117180.0,90720.0,45360.0,70686.0,115975.0,98280.0,61992.0,337427.0,202500.0,202500.0,162000.0,175500.0,173500.0,373750.0,373750.0,169000.0,175500.0,429625.0,442450.0,442450.0,173000.0,202500.0,202500.0,202500.0,202500.0,334500.0,334500.0,339000.0,339000.0,339000.0,339000.0,400000.0,149811.0,160729.0,155423.0,207258.0,427288.0,215542.0,447355.0,465186.0,417985.0,422217.0,279378.0,230080.0
202024,480729.0,566767.0,758574.0,904876.0,1085768.0,1190996.0,1149134.0,1139028.0,1154004.0,90339.0,151200.0,211680.0,211680.0,211680.0,211680.0,302400.0,287280.0,287280.0,302400.0,302400.0,299376.0,299376.0,211680.0,241920.0,272160.0,302400.0,302400.0,317520.0,381024.0,378000.0,408240.0,393120.0,181440.0,453600.0,30240.0,332262.0,105327.0,75351.0,146219.0,57456.0,117180.0,90720.0,45360.0,70686.0,115975.0,98280.0,373704.0,173000.0,180000.0,180000.0,162000.0,189000.0,195000.0,393750.0,377000.0,182000.0,358625.0,590625.0,589950.0,202500.0,202650.0,204500.0,191640.0,202500.0,202500.0,202500.0,389700.0,389700.0,389700.0,392300.0,401325.0,337427.0,149811.0,160729.0,155423.0,207258.0,427288.0,215542.0,447355.0,465186.0,417985.0,422217.0,279378.0
202025,792419.0,480729.0,566767.0,758574.0,904876.0,1085768.0,1190996.0,1149134.0,1139028.0,211674.0,211680.0,211680.0,211680.0,211680.0,211680.0,211680.0,317520.0,302400.0,302400.0,347760.0,347760.0,365904.0,241920.0,272160.0,302400.0,302400.0,317520.0,381024.0,378000.0,408240.0,393120.0,181440.0,453600.0,483840.0,90339.0,30240.0,332262.0,105327.0,75351.0,146219.0,57456.0,117180.0,90720.0,45360.0,70686.0,115975.0,345057.0,202500.0,202500.0,202500.0,202500.0,282000.0,304000.0,195000.0,332000.0,377000.0,182000.0,388125.0,590625.0,339000.0,339150.0,328140.0,331500.0,331500.0,331500.0,376300.0,382200.0,382200.0,384800.0,401325.0,514125.0,373704.0,337427.0,149811.0,160729.0,155423.0,207258.0,427288.0,215542.0,447355.0,465186.0,417985.0,422217.0
202026,759334.0,792419.0,480729.0,566767.0,758574.0,904876.0,1085768.0,1190996.0,1149134.0,136080.0,241920.0,241920.0,241920.0,196560.0,196560.0,196560.0,196560.0,347760.0,393120.0,393120.0,393120.0,393120.0,272160.0,302400.0,302400.0,317520.0,381024.0,378000.0,408240.0,393120.0,226800.0,453600.0,483840.0,529200.0,211674.0,90339.0,30240.0,332262.0,105327.0,75351.0,146219.0,57456.0,117180.0,90720.0,45360.0,70686.0,379823.0,339000.0,202650.0,202500.0,202500.0,202500.0,180000.0,390750.0,-999.0,334600.0,379600.0,438600.0,593325.0,348150.0,351000.0,329140.0,364000.0,377000.0,382200.0,382200.0,382200.0,384800.0,401325.0,604125.0,604125.0,345057.0,373704.0,337427.0,149811.0,160729.0,155423.0,207258.0,427288.0,215542.0,447355.0,465186.0,417985.0
202027,810006.0,759334.0,792419.0,480729.0,566767.0,758574.0,904876.0,1085768.0,1190996.0,181440.0,272160.0,272160.0,272160.0,196560.0,166320.0,166320.0,166320.0,151200.0,362880.0,378000.0,378000.0,378000.0,302400.0,302400.0,317520.0,381024.0,378000.0,408240.0,393120.0,226800.0,453600.0,483840.0,529200.0,544320.0,136080.0,211674.0,90339.0,30240.0,332262.0,105327.0,75351.0,146219.0,57456.0,117180.0,90720.0,45360.0,465272.0,348150.0,339150.0,204500.0,202500.0,202500.0,202500.0,180000.0,150000.0,150000.0,336400.0,378150.0,528150.0,321150.0,362015.0,364000.0,377000.0,382200.0,382200.0,382200.0,384800.0,401325.0,604125.0,604125.0,604125.0,379823.0,345057.0,373704.0,337427.0,149811.0,160729.0,155423.0,207258.0,427288.0,215542.0,447355.0,465186.0
202028,978672.0,810006.0,759334.0,792419.0,480729.0,566767.0,758574.0,904876.0,1085768.0,0.0,302400.0,302400.0,302400.0,302400.0,196560.0,196560.0,196560.0,196560.0,196560.0,378000.0,393120.0,393120.0,347760.0,347760.0,371952.0,378000.0,408240.0,393120.0,226800.0,453600.0,483840.0,529200.0,544320.0,514080.0,181440.0,136080.0,211674.0,90339.0,30240.0,332262.0,105327.0,75351.0,146219.0,57456.0,117180.0,90720.0,404513.0,321150.0,351000.0,328140.0,191640.0,202500.0,187140.0,138000.0,195000.0,195000.0,195000.0,573950.0,382200.0,357000.0,364150.0,377000.0,187200.0,382200.0,382200.0,384800.0,401325.0,604125.0,604125.0,604125.0,604125.0,465272.0,379823.0,345057.0,373704.0,337427.0,149811.0,160729.0,155423.0,207258.0,427288.0,215542.0,447355.0
202029,1377406.0,978672.0,810006.0,759334.0,792419.0,480729.0,566767.0,758574.0,904876.0,257040.0,347760.0,302400.0,302400.0,302400.0,302400.0,226800.0,226800.0,226800.0,226800.0,241920.0,408240.0,438480.0,347760.0,374452.0,378000.0,408240.0,393120.0,226800.0,453600.0,483840.0,529200.0,544320.0,514080.0,544320.0,0.0,181440.0,136080.0,211674.0,90339.0,30240.0,332262.0,105327.0,75351.0,146219.0,57456.0,117180.0,292671.0,357000.0,362015.0,329140.0,331500.0,202500.0,334500.0,339000.0,339000.0,195000.0,195000.0,195000.0,573950.0,366650.0,375000.0,187200.0,187200.0,382200.0,384800.0,401325.0,319125.0,604125.0,604125.0,604125.0,604125.0,404513.0,465272.0,379823.0,345057.0,373704.0,337427.0,149811.0,160729.0,155423.0,207258.0,427288.0,215542.0
202030,1337419.0,1377406.0,978672.0,810006.0,759334.0,792419.0,480729.0,566767.0,758574.0,241481.0,347760.0,347760.0,317520.0,317520.0,317520.0,317520.0,136080.0,136080.0,136080.0,136080.0,136080.0,181440.0,395620.0,326592.0,287280.0,317520.0,317520.0,347760.0,347760.0,423360.0,423360.0,362880.0,438480.0,468720.0,257040.0,0.0,181440.0,136080.0,211674.0,90339.0,30240.0,332262.0,105327.0,75351.0,146219.0,57456.0,286525.0,366650.0,364150.0,364000.0,364000.0,331500.0,202500.0,334500.0,339000.0,339000.0,382200.0,382200.0,441200.0,-999.0,187200.0,187200.0,187200.0,189800.0,198825.0,199125.0,401625.0,604125.0,604125.0,604125.0,259125.0,292671.0,404513.0,465272.0,379823.0,345057.0,373704.0,337427.0,149811.0,160729.0,155423.0,207258.0,427288.0
202031,1718919.0,1337419.0,1377406.0,978672.0,810006.0,759334.0,792419.0,480729.0,566767.0,90720.0,395620.0,374452.0,371952.0,381024.0,381024.0,381024.0,381024.0,281232.0,281232.0,281232.0,241920.0,226800.0,326592.0,287280.0,317520.0,317520.0,347760.0,347760.0,423360.0,423360.0,362880.0,438480.0,468720.0,468720.0,241481.0,257040.0,0.0,181440.0,136080.0,211674.0,90339.0,30240.0,332262.0,105327.0,75351.0,146219.0,372505.0,-999.0,375000.0,377000.0,377000.0,377000.0,331500.0,202500.0,339000.0,339000.0,427500.0,470700.0,470700.0,382200.0,187200.0,187200.0,190550.0,198825.0,199125.0,281625.0,401625.0,604125.0,401625.0,401625.0,401625.0,286525.0,292671.0,404513.0,465272.0,379823.0,345057.0,373704.0,337427.0,149811.0,160729.0,155423.0,207258.0
202032,1495400.0,1718919.0,1337419.0,1377406.0,978672.0,810006.0,759334.0,792419.0,480729.0,241920.0,326592.0,326592.0,378000.0,378000.0,378000.0,378000.0,378000.0,378000.0,347040.0,347040.0,347040.0,386352.0,287280.0,311472.0,317520.0,332640.0,347760.0,423360.0,423360.0,362880.0,438480.0,468720.0,468720.0,438480.0,90720.0,241481.0,257040.0,0.0,181440.0,136080.0,211674.0,90339.0,30240.0,332262.0,105327.0,75351.0,377969.0,382200.0,187200.0,187200.0,187200.0,382200.0,382200.0,376300.0,389700.0,339000.0,530750.0,486500.0,529700.0,332000.0,182000.0,182750.0,196825.0,199125.0,281625.0,524.7023655914,-999.0,-999.0,-999.0,-999.0,-999.0,372505.0,286525.0,292671.0,404513.0,465272.0,379823.0,345057.0,373704.0,337427.0,149811.0,160729.0,155423.0
202033,1469015.0,1495400.0,1718919.0,1337419.0,1377406.0,978672.0,810006.0,759334.0,792419.0,226800.0,287280.0,287280.0,287280.0,408240.0,408240.0,408240.0,408240.0,408240.0,408240.0,362160.0,362160.0,362160.0,235872.0,196560.0,272160.0,257040.0,272160.0,287280.0,317520.0,317520.0,332640.0,378000.0,347760.0,241920.0,241920.0,90720.0,241481.0,257040.0,0.0,181440.0,136080.0,211674.0,90339.0,30240.0,332262.0,105327.0,470312.0,332000.0,187200.0,187200.0,187200.0,382200.0,382200.0,382200.0,382200.0,389700.0,339000.0,501250.0,486500.0,182000.0,182751.0,196825.0,199125.0,199125.0,199125.0,401625.0,401625.0,199125.0,199125.0,199125.0,199125.0,377969.0,372505.0,286525.0,292671.0,404513.0,465272.0,379823.0,345057.0,373704.0,337427.0,149811.0,160729.0
202034,1196491.0,1469015.0,1495400.0,1718919.0,1337419.0,1377406.0,978672.0,810006.0,759334.0,161406.0,235872.0,311472.0,317520.0,317520.0,393120.0,393120.0,393120.0,393120.0,393120.0,393120.0,362160.0,362160.0,196560.0,272160.0,257040.0,272160.0,287280.0,317520.0,317520.0,332640.0,378000.0,347760.0,241920.0,226800.0,226800.0,241920.0,90720.0,241481.0,257040.0,0.0,181440.0,136080.0,211674.0,90339.0,30240.0,332262.0,506974.0,182000.0,182000.0,187200.0,187200.0,382200.0,382200.0,382200.0,382200.0,382200.0,389700.0,339000.0,339000.0,182750.0,196825.0,199125.0,199125.0,199125.0,401625.0,401625.0,199125.0,199125.0,199125.0,199125.0,199125.0,470312.0,377969.0,372505.0,286525.0,292671.0,404513.0,465272.0,379823.0,345057.0,373704.0,337427.0,149811.0
202035,1180821.0,1196491.0,1469015.0,1495400.0,1718919.0,1337419.0,1377406.0,978672.0,810006.0,166320.0,196560.0,196560.0,317520.0,317520.0,317520.0,226800.0,226800.0,226800.0,226800.0,181440.0,181440.0,377280.0,257040.0,257040.0,272160.0,287280.0,317520.0,317520.0,332640.0,378000.0,347760.0,241920.0,226800.0,199849.0,161406.0,226800.0,241920.0,90720.0,241481.0,257040.0,0.0,181440.0,136080.0,211674.0,90339.0,30240.0,369610.0,182750.0,182751.0,182750.0,190550.0,189800.0,384800.0,384800.0,384800.0,384800.0,384800.0,392300.0,400000.0,196825.0,199125.0,199125.0,199125.0,401625.0,403625.0,319125.0,199125.0,199125.0,199125.0,199125.0,199125.0,506974.0,470312.0,377969.0,372505.0,286525.0,292671.0,404513.0,465272.0,379823.0,345057.0,373704.0,337427.0
202036,1090456.0,1180821.0,1196491.0,1469015.0,1495400.0,1718919.0,1337419.0,1377406.0,978672.0,136080.0,257040.0,272160.0,272160.0,332640.0,347760.0,347760.0,453600.0,453600.0,453600.0,453600.0,453600.0,453600.0,257040.0,272160.0,302400.0,257040.0,317520.0,332640.0,378000.0,347760.0,241920.0,226800.0,199849.0,257040.0,166320.0,161406.0,226800.0,241920.0,90720.0,241481.0,257040.0,0.0,181440.0,136080.0,211674.0,90339.0,367447.0,196825.0,196825.0,196825.0,196825.0,198825.0,198825.0,401325.0,401325.0,401325.0,401325.0,401325.0,401325.0,199125.0,199125.0,199125.0,401625.0,285625.0,319125.0,199125.0,199125.0,199125.0,319125.0,199125.0,199125.0,369610.0,506974.0,470312.0,377969.0,372505.0,286525.0,292671.0,404513.0,465272.0,379823.0,345057.0,373704.0
202037,1258671.0,1090456.0,1180821.0,1196491.0,1469015.0,1495400.0,1718919.0,1337419.0,1377406.0,241920.0,257040.0,257040.0,257040.0,257040.0,347760.0,347760.0,347760.0,483840.0,483840.0,483840.0,483840.0,483840.0,272160.0,302400.0,257040.0,317520.0,332640.0,378000.0,347760.0,241920.0,226800.0,199849.0,257040.0,317520.0,136080.0,166320.0,161406.0,226800.0,241920.0,90720.0,241481.0,257040.0,0.0,181440.0,136080.0,211674.0,451315.0,199125.0,199125.0,199125.0,199125.0,199125.0,199125.0,199125.0,319125.0,604125.0,604125.0,604125.0,514125.0,199725.0,199125.0,199125.0,283625.0,401625.0,199125.0,199125.0,199125.0,401625.0,289125.0,199125.0,199125.0,367447.0,369610.0,506974.0,470312.0,377969.0,372505.0,286525.0,292671.0,404513.0,465272.0,379823.0,345057.0
202038,1226898.0,1258671.0,1090456.0,1180821.0,1196491.0,1469015.0,1495400.0,1718919.0,1337419.0,211680.0,272160.0,272160.0,272160.0,272160.0,272160.0,423360.0,423360.0,423360.0,529200.0,529200.0,529200.0,529200.0,302400.0,208656.0,317520.0,332640.0,378000.0,347760.0,241920.0,226800.0,199849.0,257040.0,317520.0,287280.0,241920.0,136080.0,166320.0,161406.0,226800.0,241920.0,90720.0,241481.0,257040.0,0.0,181440.0,136080.0,561741.0,199725.0,199125.0,199125.0,199125.0,199125.0,281625.0,281625.0,401625.0,604125.0,604125.0,604125.0,604125.0,199125.0,199125.0,283625.0,401625.0,199125.0,199125.0,199125.0,401625.0,289125.0,199125.0,199125.0,199125.0,451315.0,367447.0,369610.0,506974.0,470312.0,377969.0,372505.0,286525.0,292671.0,404513.0,465272.0,379823.0
202039,1113505.0,1226898.0,1258671.0,1090456.0,1180821.0,1196491.0,1469015.0,1495400.0,1718919.0,226796.0,302400.0,302400.0,302400.0,287280.0,287280.0,287280.0,423360.0,423360.0,423360.0,544320.0,544320.0,544320.0,272160.0,272160.0,272160.0,302400.0,257040.0,196560.0,226800.0,211680.0,226800.0,272160.0,257040.0,241920.0,211680.0,241920.0,136080.0,166320.0,161406.0,226800.0,241920.0,90720.0,241481.0,257040.0,0.0,181440.0,513848.0,199125.0,199125.0,199125.0,199125.0,199125.0,199125.0,524.7023655914,401625.0,604125.0,604125.0,604125.0,604125.0,199125.0,201125.0,319125.0,199125.0,199125.0,199125.0,199125.0,199125.0,199125.0,199125.0,199125.0,199125.0,561741.0,451315.0,367447.0,369610.0,506974.0,470312.0,377969.0,372505.0,286525.0,292671.0,404513.0,465272.0
202040,1060733.0,1113505.0,1226898.0,1258671.0,1090456.0,1180821.0,1196491.0,1469015.0,1495400.0,211676.0,272160.0,208656.0,257040.0,257040.0,317520.0,317520.0,317520.0,362880.0,362880.0,362880.0,514080.0,514080.0,272160.0,287280.0,302400.0,317520.0,317520.0,332640.0,332640.0,393120.0,408240.0,151200.0,226800.0,0.0,226796.0,211680.0,241920.0,136080.0,166320.0,161406.0,226800.0,241920.0,90720.0,241481.0,257040.0,0.0,329792.0,199125.0,199125.0,199125.0,401625.0,401625.0,401625.0,401625.0,-999.0,604125.0,604125.0,604125.0,604125.0,202500.0,322500.0,202500.0,202500.0,202500.0,202500.0,-999.0,-999.0,-999.0,-999.0,-999.0,-999.0,513848.0,561741.0,451315.0,367447.0,369610.0,506974.0,470312.0,377969.0,372505.0,286525.0,292671.0,404513.0
202041,1055171.0,1060733.0,1113505.0,1226898.0,1258671.0,1090456.0,1180821.0,1196491.0,1469015.0,287280.0,272160.0,272160.0,317520.0,317520.0,317520.0,317520.0,317520.0,317520.0,438480.0,438480.0,438480.0,544320.0,287280.0,302400.0,317520.0,317520.0,332640.0,332640.0,393120.0,408240.0,151200.0,226800.0,0.0,0.0,211676.0,226796.0,211680.0,241920.0,136080.0,166320.0,161406.0,226800.0,241920.0,90720.0,241481.0,257040.0,443077.0,202500.0,201125.0,283625.0,283625.0,285625.0,403625.0,401625.0,401625.0,-999.0,401625.0,604125.0,604125.0,405375.0,300375.0,247125.0,247125.0,293125.0,536625.0,536625.0,234125.0,51625.0,-999.0,-999.0,401625.0,329792.0,513848.0,561741.0,451315.0,367447.0,369610.0,506974.0,470312.0,377969.0,372505.0,286525.0,292671.0
202042,872758.0,1055171.0,1060733.0,1113505.0,1226898.0,1258671.0,1090456.0,1180821.0,1196491.0,272160.0,287280.0,287280.0,272160.0,332640.0,332640.0,332640.0,332640.0,332640.0,332640.0,468720.0,468720.0,468720.0,302400.0,332640.0,317520.0,241920.0,287280.0,272160.0,544320.0,279480.0,226800.0,0.0,0.0,295218.0,287280.0,211676.0,226796.0,211680.0,241920.0,136080.0,166320.0,161406.0,226800.0,241920.0,90720.0,241481.0,476222.0,405375.0,322500.0,319125.0,401625.0,401625.0,319125.0,319125.0,199125.0,199125.0,-999.0,401625.0,259125.0,300375.0,247125.0,247125.0,293125.0,536625.0,536625.0,234125.0,51625.0,-999.0,-999.0,401625.0,202500.0,443077.0,329792.0,513848.0,561741.0,451315.0,367447.0,369610.0,506974.0,470312.0,377969.0,372505.0,286525.0
202043,615322.0,872758.0,1055171.0,1060733.0,1113505.0,1226898.0,1258671.0,1090456.0,1180821.0,166314.0,302400.0,302400.0,302400.0,302400.0,378000.0,378000.0,378000.0,378000.0,378000.0,378000.0,468720.0,468720.0,332640.0,317520.0,241920.0,287280.0,272160.0,544320.0,279480.0,226800.0,0.0,0.0,295218.0,295218.0,272160.0,287280.0,211676.0,226796.0,211680.0,241920.0,136080.0,166320.0,161406.0,226800.0,241920.0,90720.0,498645.0,300375.0,300375.0,202500.0,199125.0,199125.0,199125.0,199125.0,199125.0,199125.0,199125.0,-999.0,401625.0,247125.0,247125.0,293125.0,536625.0,536625.0,234125.0,199125.0,199125.0,110625.0,199125.0,390000.0,390000.0,476222.0,443077.0,329792.0,513848.0,561741.0,451315.0,367447.0,369610.0,506974.0,470312.0,377969.0,372505.0
202044,745734.0,615322.0,872758.0,1055171.0,1060733.0,1113505.0,1226898.0,1258671.0,1090456.0,246078.0,332640.0,332640.0,317520.0,317520.0,257040.0,347760.0,347760.0,347760.0,347760.0,347760.0,347760.0,438480.0,317520.0,241920.0,287280.0,272160.0,544320.0,279480.0,226800.0,0.0,0.0,293766.0,293766.0,293766.0,166314.0,272160.0,287280.0,211676.0,226796.0,211680.0,241920.0,136080.0,166320.0,161406.0,226800.0,241920.0,596349.0,247125.0,247125.0,247125.0,202500.0,199125.0,199125.0,199125.0,199125.0,199125.0,199125.0,199125.0,-999.0,247125.0,293125.0,536625.0,536625.0,234125.0,199125.0,199125.0,110625.0,164250.0,390000.0,390000.0,390000.0,498645.0,476222.0,443077.0,329792.0,513848.0,561741.0,451315.0,367447.0,369610.0,506974.0,470312.0,377969.0
202045,902349.0,745734.0,615322.0,872758.0,1055171.0,1060733.0,1113505.0,1226898.0,1258671.0,170478.0,317520.0,317520.0,317520.0,317520.0,317520.0,196560.0,241920.0,241920.0,241920.0,241920.0,241920.0,241920.0,272160.0,287280.0,257040.0,544320.0,323190.0,181440.0,0.0,0.0,237639.0,297048.0,297048.0,297048.0,246078.0,166314.0,272160.0,287280.0,211676.0,226796.0,211680.0,241920.0,136080.0,166320.0,161406.0,226800.0,647130.0,247125.0,247125.0,247125.0,247125.0,202500.0,199125.0,199125.0,199125.0,199125.0,199125.0,199125.0,199125.0,255125.0,484125.0,334125.0,234125.0,199125.0,201125.0,110625.0,162250.0,360000.0,390000.0,390000.0,390000.0,596349.0,498645.0,476222.0,443077.0,329792.0,513848.0,561741.0,451315.0,367447.0,369610.0,506974.0,470312.0
202046,1038205.0,902349.0,745734.0,615322.0,872758.0,1055171.0,1060733.0,1113505.0,1226898.0,146664.0,272160.0,241920.0,241920.0,241920.0,332640.0,332640.0,226800.0,226800.0,226800.0,226800.0,226800.0,226800.0,287280.0,257040.0,544320.0,323190.0,226800.0,0.0,233264.0,233264.0,233264.0,233264.0,233265.0,391020.0,170478.0,246078.0,166314.0,272160.0,287280.0,211676.0,226796.0,211680.0,241920.0,136080.0,166320.0,161406.0,669264.0,255125.0,293125.0,293125.0,293125.0,293125.0,202500.0,199125.0,401625.0,401625.0,319125.0,199125.0,199125.0,511750.0,199125.0,191750.0,206500.0,193750.0,230500.0,327250.0,390000.0,390000.0,390000.0,390000.0,390000.0,647130.0,596349.0,498645.0,476222.0,443077.0,329792.0,513848.0,561741.0,451315.0,367447.0,369610.0,506974.0
202047,924050.0,1038205.0,902349.0,745734.0,615322.0,872758.0,1055171.0,1060733.0,1113505.0,362880.0,287280.0,287280.0,287280.0,287280.0,287280.0,332640.0,332640.0,211680.0,199849.0,199849.0,199849.0,199849.0,302400.0,544320.0,323190.0,226800.0,0.0,233264.0,233264.0,233264.0,233264.0,233265.0,391020.0,391020.0,146664.0,170478.0,246078.0,166314.0,272160.0,287280.0,211676.0,226796.0,211680.0,241920.0,136080.0,166320.0,711198.0,511750.0,484125.0,536625.0,536625.0,536625.0,536625.0,-999.0,199125.0,289125.0,289125.0,199125.0,199125.0,199125.0,191750.0,206500.0,193750.0,234250.0,332750.0,416000.0,416000.0,416000.0,416000.0,416000.0,416000.0,669264.0,647130.0,596349.0,498645.0,476222.0,443077.0,329792.0,513848.0,561741.0,451315.0,367447.0,369610.0
202048,1012324.0,924050.0,1038205.0,902349.0,745734.0,615322.0,872758.0,1055171.0,1060733.0,204982.0,302400.0,257040.0,257040.0,272160.0,272160.0,272160.0,393120.0,393120.0,226800.0,257040.0,257040.0,257040.0,514080.0,368550.0,226800.0,0.0,233264.0,233264.0,233264.0,233264.0,233265.0,391020.0,391020.0,391020.0,362880.0,146664.0,170478.0,246078.0,166314.0,272160.0,287280.0,211676.0,226796.0,211680.0,241920.0,136080.0,779282.0,199125.0,199125.0,334125.0,536625.0,536625.0,536625.0,536625.0,-999.0,199125.0,199125.0,199125.0,199125.0,191750.0,206500.0,193750.0,234250.0,332750.0,399500.0,399500.0,399500.0,399500.0,416000.0,416000.0,416000.0,711198.0,669264.0,647130.0,596349.0,498645.0,476222.0,443077.0,329792.0,513848.0,561741.0,451315.0,367447.0
202049,1177854.0,1012324.0,924050.0,1038205.0,902349.0,745734.0,615322.0,872758.0,1055171.0,482328.0,514080.0,544320.0,544320.0,544320.0,544320.0,544320.0,544320.0,408240.0,408240.0,272160.0,317520.0,317520.0,368550.0,226800.0,0.0,55539.0,277695.0,277695.0,277695.0,277697.0,391020.0,391020.0,391020.0,391023.0,204982.0,362880.0,146664.0,170478.0,246078.0,166314.0,272160.0,287280.0,211676.0,226796.0,211680.0,241920.0,595386.0,191750.0,191750.0,191750.0,234125.0,234125.0,234125.0,234125.0,234125.0,-999.0,199125.0,199125.0,199125.0,202500.0,204500.0,228750.0,332750.0,384000.0,399500.0,399500.0,399500.0,384000.0,416000.0,416000.0,416000.0,779282.0,711198.0,669264.0,647130.0,596349.0,498645.0,476222.0,443077.0,329792.0,513848.0,561741.0,451315.0
202050,989478.0,1177854.0,1012324.0,924050.0,1038205.0,902349.0,745734.0,615322.0,872758.0,316008.0,368550.0,368550.0,323190.0,323190.0,323190.0,279480.0,279480.0,279480.0,151200.0,151200.0,257040.0,287280.0,226800.0,0.0,0.0,0.0,60480.0,196560.0,211680.0,241920.0,272160.0,332640.0,362880.0,302400.0,482328.0,204982.0,362880.0,146664.0,170478.0,246078.0,166314.0,272160.0,287280.0,211676.0,226796.0,211680.0,653719.0,202500.0,206500.0,206500.0,206500.0,199125.0,199125.0,199125.0,51625.0,51625.0,-999.0,199125.0,199125.0,204500.0,228750.0,335500.0,364250.0,399500.0,399500.0,72515.750934298,-999.0,-999.0,-999.0,-999.0,195032.6357019216,595386.0,779282.0,711198.0,669264.0,647130.0,596349.0,498645.0,476222.0,443077.0,329792.0,513848.0,561741.0
202051,819354.0,989478.0,1177854.0,1012324.0,924050.0,1038205.0,902349.0,745734.0,615322.0,233798.0,226800.0,226800.0,226800.0,226800.0,226800.0,181440.0,226800.0,226800.0,226800.0,226800.0,226800.0,241920.0,0.0,0.0,0.0,120960.0,166320.0,181440.0,302400.0,302400.0,302400.0,302400.0,260064.0,260064.0,316008.0,482328.0,204982.0,362880.0,146664.0,170478.0,246078.0,166314.0,272160.0,287280.0,211676.0,226796.0,629548.0,204500.0,204500.0,193750.0,193750.0,193750.0,201125.0,199125.0,199125.0,-999.0,-999.0,-999.0,199125.0,-999.0,60000.0,384000.0,201500.0,201500.0,201500.0,384000.0,416000.0,416000.0,416000.0,186000.0,201500.0,653719.0,595386.0,779282.0,711198.0,669264.0,647130.0,596349.0,498645.0,476222.0,443077.0,329792.0,513848.0
202102,510535.0,519168.0,503861.0,616640.0,819354.0,989478.0,1177854.0,1012324.0,924050.0,15120.0,90720.0,105840.0,105840.0,120960.0,60480.0,277695.0,233264.0,233264.0,233264.0,297048.0,293766.0,295218.0,181440.0,196560.0,211680.0,241920.0,302400.0,332640.0,317520.0,317520.0,332640.0,257040.0,257040.0,-999.0,0.0,0.0,0.0,233798.0,316008.0,482328.0,204982.0,362880.0,146664.0,170478.0,246078.0,166314.0,541707.0,356500.0,360500.0,305500.0,201500.0,399500.0,399500.0,399500.0,416000.0,390000.0,390000.0,390000.0,390000.0,192000.0,399500.0,384000.0,416000.0,416000.0,418000.0,186000.0,201500.0,416000.0,416000.0,224000.0,-999.0,639883.0,-999.0,-999.0,-999.0,-999.0,-999.0,-999.0,-999.0,-999.0,-999.0,-999.0,-999.0
202103,743211.0,510535.0,519168.0,503861.0,616640.0,819354.0,989478.0,1177854.0,1012324.0,271782.0,181440.0,90720.0,105840.0,105840.0,166320.0,196560.0,277695.0,233264.0,233264.0,233264.0,297048.0,293766.0,181440.0,241920.0,287280.0,287280.0,347760.0,347760.0,347760.0,347760.0,257040.0,257040.0,-999.0,-999.0,15120.0,0.0,0.0,0.0,233798.0,316008.0,482328.0,204982.0,362880.0,146664.0,170478.0,246078.0,562795.0,192000.0,201500.0,201500.0,201500.0,201500.0,399500.0,399500.0,399500.0,416000.0,390000.0,390000.0,390000.0,201500.0,384000.0,416000.0,416000.0,418500.0,186000.0,201500.0,416000.0,416000.0,224000.0,-999.0,-999.0,541707.0,639883.0,-999.0,-999.0,-999.0,-999.0,-999.0,-999.0,-999.0,-999.0,-999.0,-999.0
202104,668775.0,743211.0,510535.0,519168.0,503861.0,616640.0,819354.0,989478.0,1177854.0,166320.0,181440.0,196560.0,105840.0,136080.0,136080.0,181440.0,211680.0,277697.0,233265.0,233265.0,233265.0,297048.0,241920.0,287280.0,302400.0,347760.0,347760.0,332640.0,393120.0,408240.0,181440.0,-999.0,-999.0,-999.0,271782.0,15120.0,0.0,0.0,0.0,233798.0,316008.0,482328.0,204982.0,362880.0,146664.0,170478.0,464793.0,201500.0,399500.0,201500.0,201500.0,201500.0,201500.0,72515.750934298,399500.0,399500.0,416000.0,390000.0,390000.0,384000.0,396500.0,396500.0,418500.0,186000.0,201500.0,416000.0,416000.0,224000.0,-999.0,-999.0,-999.0,562795.0,541707.0,639883.0,-999.0,-999.0,-999.0,-999.0,-999.0,-999.0,-999.0,-999.0,-999.0
202105,967696.0,668775.0,743211.0,510535.0,519168.0,503861.0,616640.0,819354.0,989478.0,196556.0,241920.0,241920.0,211680.0,211680.0,272160.0,272160.0,302400.0,241920.0,391020.0,391020.0,391020.0,391020.0,302400.0,302400.0,365380.0,362880.0,347760.0,408240.0,423360.0,226800.0,-999.0,-999.0,-999.0,-999.0,166320.0,271782.0,15120.0,0.0,0.0,0.0,233798.0,316008.0,482328.0,204982.0,362880.0,146664.0,524000.0,384000.0,384000.0,384000.0,386000.0,386000.0,386000.0,384000.0,-999.0,384000.0,416000.0,416000.0,390000.0,396500.0,396500.0,418500.0,186000.0,383000.0,416000.0,416000.0,224000.0,-999.0,-999.0,-999.0,-999.0,464793.0,562795.0,541707.0,639883.0,-999.0,-999.0,-999.0,-999.0,-999.0,-999.0,-999.0,-999.0
202106,1425750.0,967696.0,668775.0,743211.0,510535.0,519168.0,503861.0,616640.0,819354.0,193535.0,302400.0,287280.0,287280.0,241920.0,211680.0,272160.0,272160.0,302400.0,272160.0,391020.0,391020.0,391020.0,302400.0,365380.0,362880.0,347760.0,408240.0,423360.0,226800.0,-999.0,-999.0,-999.0,-999.0,-999.0,196556.0,166320.0,271782.0,15120.0,0.0,0.0,0.0,233798.0,316008.0,482328.0,204982.0,362880.0,487593.0,396500.0,396500.0,416000.0,416000.0,416000.0,416000.0,416000.0,416000.0,-999.0,416000.0,416000.0,416000.0,396500.0,418500.0,186000.0,383000.0,416000.0,416000.0,108500.0,-999.0,-999.0,-999.0,-999.0,-999.0,524000.0,464793.0,562795.0,541707.0,639883.0,-999.0,-999.0,-999.0,-999.0,-999.0,-999.0,-999.0
202107,2537588.0,1425750.0,967696.0,668775.0,743211.0,510535.0,519168.0,503861.0,616640.0,317452.0,302400.0,302400.0,302400.0,287280.0,302400.0,287280.0,272160.0,272160.0,302400.0,332640.0,391020.0,391020.0,365380.0,362880.0,362880.0,408240.0,408240.0,226800.0,-999.0,-999.0,-999.0,-999.0,-999.0,-999.0,193535.0,196556.0,166320.0,271782.0,15120.0,0.0,0.0,0.0,233798.0,316008.0,482328.0,204982.0,580227.0,396500.0,396500.0,396500.0,416000.0,416000.0,416000.0,110.6076397948,416000.0,416000.0,-999.0,416000.0,416000.0,204000.0,400500.0,383000.0,416000.0,416000.0,224000.0,-999.0,-999.0,-999.0,-999.0,-999.0,-999.0,487593.0,524000.0,464793.0,562795.0,541707.0,639883.0,-999.0,-999.0,-999.0,-999.0,-999.0,-999.0
202108,2757700.0,2537588.0,1425750.0,967696.0,668775.0,743211.0,510535.0,519168.0,503861.0,408191.0,365380.0,365380.0,365380.0,347760.0,347760.0,332640.0,347760.0,241920.0,241920.0,302400.0,362880.0,391023.0,362880.0,362880.0,408240.0,408240.0,226800.0,-999.0,-999.0,-999.0,-999.0,-999.0,-999.0,-999.0,317452.0,193535.0,196556.0,166320.0,271782.0,15120.0,0.0,0.0,0.0,233798.0,316008.0,482328.0,687386.0,204000.0,418500.0,418500.0,418500.0,418500.0,418000.0,416000.0,354866.24808986456,416000.0,416000.0,-999.0,416000.0,386500.0,416000.0,416000.0,416000.0,224000.0,-999.0,-999.0,-999.0,-999.0,-999.0,-999.0,-999.0,580227.0,487593.0,524000.0,464793.0,562795.0,541707.0,639883.0,-999.0,-999.0,-999.0,-999.0,-999.0
202109,3134256.0,2757700.0,2537588.0,1425750.0,967696.0,668775.0,743211.0,510535.0,519168.0,287280.0,362880.0,362880.0,362880.0,362880.0,347760.0,347760.0,317520.0,317520.0,287280.0,287280.0,260064.0,302400.0,332640.0,393120.0,408240.0,166320.0,-999.0,-999.0,-999.0,-999.0,-999.0,-999.0,-999.0,-999.0,408191.0,317452.0,193535.0,196556.0,166320.0,271782.0,15120.0,0.0,0.0,0.0,233798.0,316008.0,731579.0,386500.0,400500.0,186000.0,186000.0,186000.0,186000.0,186000.0,186000.0,357055.9397514846,186000.0,186000.0,195032.6357019216,409500.0,409500.0,409500.0,220500.0,-999.0,-999.0,-999.0,-999.0,-999.0,-999.0,-999.0,-999.0,687386.0,580227.0,487593.0,524000.0,464793.0,562795.0,541707.0,639883.0,-999.0,-999.0,-999.0,-999.0
202110,1567058.0,3134256.0,2757700.0,2537588.0,1425750.0,967696.0,668775.0,743211.0,510535.0,302400.0,332640.0,362880.0,362880.0,347760.0,347760.0,332640.0,347760.0,317520.0,317520.0,287280.0,287280.0,260064.0,393120.0,378000.0,211680.0,-999.0,-999.0,-999.0,-999.0,-999.0,-999.0,-999.0,-999.0,-999.0,287280.0,408191.0,317452.0,193535.0,196556.0,166320.0,271782.0,15120.0,0.0,0.0,0.0,233798.0,745334.0,409500.0,416000.0,383000.0,383000.0,383000.0,201500.0,201500.0,201500.0,201500.0,312382.36503817665,201500.0,201500.0,409500.0,409500.0,220500.0,-999.0,-999.0,-999.0,-999.0,-999.0,-999.0,-999.0,-999.0,-999.0,731579.0,687386.0,580227.0,487593.0,524000.0,464793.0,562795.0,541707.0,639883.0,-999.0,-999.0,-999.0
202111,1483969.0,1567058.0,3134256.0,2757700.0,2537588.0,1425750.0,967696.0,668775.0,743211.0,302393.0,393120.0,393120.0,408240.0,408240.0,408240.0,408240.0,393120.0,347760.0,332640.0,332640.0,287280.0,287280.0,378000.0,211680.0,-999.0,-999.0,-999.0,-999.0,-999.0,-999.0,-999.0,-999.0,-999.0,-999.0,302400.0,287280.0,408191.0,317452.0,193535.0,196556.0,166320.0,271782.0,15120.0,0.0,0.0,0.0,601176.0,409500.0,409500.0,416000.0,416000.0,416000.0,416000.0,416000.0,416000.0,416000.0,201500.0,369636.2074364388,201500.0,409500.0,220500.0,-999.0,-999.0,-999.0,-999.0,-999.0,-999.0,-999.0,-999.0,-999.0,-999.0,745334.0,731579.0,687386.0,580227.0,487593.0,524000.0,464793.0,562795.0,541707.0,639883.0,-999.0,-999.0
202112,1713795.0,1483969.0,1567058.0,3134256.0,2757700.0,2537588.0,1425750.0,967696.0,668775.0,317520.0,378000.0,378000.0,408240.0,408240.0,408240.0,423360.0,423360.0,408240.0,257040.0,257040.0,257040.0,287280.0,211680.0,-999.0,-999.0,-999.0,-999.0,-999.0,-999.0,-999.0,-999.0,-999.0,-999.0,-999.0,302393.0,302400.0,287280.0,408191.0,317452.0,193535.0,196556.0,166320.0,271782.0,15120.0,0.0,0.0,457634.0,409500.0,409500.0,409500.0,416000.0,416000.0,416000.0,416000.0,416000.0,416000.0,416000.0,201500.0,399641.2290023064,228500.0,-999.0,-999.0,-999.0,-999.0,-999.0,-999.0,-999.0,-999.0,-999.0,-999.0,-999.0,601176.0,745334.0,731579.0,687386.0,580227.0,487593.0,524000.0,464793.0,562795.0,541707.0,639883.0,-999.0
202113,1740803.0,1713795.0,1483969.0,1567058.0,3134256.0,2757700.0,2537588.0,1425750.0,967696.0,,211680.0,211680.0,211680.0,166320.0,226800.0,226800.0,226800.0,226800.0,181440.0,257040.0,257040.0,257040.0,-999.0,-999.0,-999.0,-999.0,-999.0,-999.0,-999.0,-999.0,-999.0,-999.0,-999.0,-999.0,,,,,,,,,,,,,423081.0,228500.0,220500.0,220500.0,220500.0,224000.0,224000.0,108500.0,224000.0,224000.0,224000.0,224000.0,224000.0,-999.0,-999.0,-999.0,-999.0,-999.0,-999.0,-999.0,-999.0,-999.0,-999.0,-999.0,-999.0,457634.0,601176.0,745334.0,731579.0,687386.0,580227.0,487593.0,524000.0,464793.0,562795.0,541707.0,639883.0
202114,1545427.0,1740803.0,1713795.0,1483969.0,1567058.0,3134256.0,2757700.0,2537588.0,1425750.0,,,,,,,,,,,,,,,,,,,,,,,,,,,,,,,,,,,,,,463328.0,416000.0,416000.0,416000.0,416000.0,416000.0,390000.0,390000.0,192000.0,390000.0,390000.0,390000.0,390000.0,,,,,,,,,,,,,423081.0,457634.0,601176.0,745334.0,731579.0,687386.0,580227.0,487593.0,524000.0,464793.0,562795.0,541707.0
202115,1782953.0,1545427.0,1740803.0,1713795.0,1483969.0,1567058.0,3134256.0,2757700.0,2537588.0,,,,,,,,,,,,,,,,,,,,,,,,,,,,,,,,,,,,,,394413.0,-999.0,208000.0,208000.0,208000.0,208000.0,416000.0,422500.0,422500.0,208000.0,422500.0,422500.0,422500.0,,,,,,,,,,,,,463328.0,423081.0,457634.0,601176.0,745334.0,731579.0,687386.0,580227.0,487593.0,524000.0,464793.0,562795.0
202116,1706082.0,1782953.0,1545427.0,1740803.0,1713795.0,1483969.0,1567058.0,3134256.0,2757700.0,,,,,,,,,,,,,,,,,,,,,,,,,,,,,,,,,,,,,,,-999.0,-999.0,208000.0,208000.0,208000.0,208000.0,208000.0,422500.0,422500.0,208000.0,422500.0,422500.0,,,,,,,,,,,,,394413.0,463328.0,423081.0,457634.0,601176.0,745334.0,731579.0,687386.0,580227.0,487593.0,524000.0,464793.0
